Time,Heart Rate
09:40:09,70
09:40:12,70
09:40:15,70
09:40:18,70
09:40:19,76
09:40:20,95
09:40:21,107
09:40:22,115
09:40:23,113
09:40:24,111
09:40:25,109
09:40:26,106
09:40:27,101
09:40:28,98
09:40:29,95
09:40:30,96
09:40:31,97
09:40:32,98
09:40:33,99
09:40:35,98
09:40:38,98
09:40:40,99
09:40:42,98
09:40:43,98
09:40:46,98
09:40:49,98
09:40:52,98
09:40:54,99
09:40:56,100
09:40:57,99
09:41:00,99
09:41:02,100
09:41:03,99
09:41:04,100
09:41:06,101
09:41:07,101
09:41:08,101
09:41:09,102
09:41:10,101
09:41:13,101
09:41:16,101
09:41:19,102
09:41:20,103
09:41:23,103
09:41:24,102
09:41:26,101
09:41:27,100
09:41:28,99
09:41:31,99
09:41:34,99
09:41:35,99
09:41:36,100
09:41:37,101
09:41:39,102
09:41:40,103
09:41:43,103
09:41:46,103
09:41:47,104
09:41:49,105
09:41:50,104
09:41:51,103
09:41:52,104
09:41:54,106
09:41:55,108
09:41:56,109
09:41:59,107
09:42:00,106
09:42:03,106
09:42:06,106
09:42:09,106
09:42:12,106
09:42:15,106
09:42:18,106
09:42:19,107
09:42:20,106
09:42:23,105
09:42:26,104
09:42:27,104
09:42:28,104
09:42:31,104
09:42:32,103
09:42:33,102
09:42:34,101
09:42:36,100
09:42:38,99
09:42:39,100
09:42:41,101
09:42:42,105
09:42:43,108
09:42:44,109
09:42:47,110
09:42:48,114
09:42:49,116
09:42:50,118
09:42:51,119
09:42:54,119
09:42:55,120
09:42:56,121
09:42:59,121
09:43:00,122
09:43:03,122
09:43:06,122
09:43:09,122
09:43:12,122
09:43:13,122
09:43:15,122
09:43:18,122
09:43:19,122
09:43:20,121
09:43:22,122
09:43:24,123
09:43:27,123
09:43:29,123
09:43:32,123
09:43:35,124
09:43:38,123
09:43:41,122
09:43:43,121
09:43:44,119
09:43:45,117
09:43:46,116
09:43:47,118
09:43:48,121
09:43:49,124
09:43:50,126
09:43:51,128
09:43:52,129
09:43:54,128
09:43:55,127
09:43:57,126
09:43:58,125
09:43:59,124
09:44:00,123
09:44:03,123
09:44:04,122
09:44:06,123
09:44:07,125
09:44:10,124
09:44:12,123
09:44:14,122
09:44:16,121
09:44:19,121
09:44:22,122
09:44:25,122
09:44:28,122
09:44:31,122
09:44:33,123
09:44:34,124
09:44:37,124
09:44:39,123
09:44:40,122
09:44:42,120
09:44:43,119
09:44:44,118
09:44:45,117
09:44:46,116
09:44:47,115
09:44:48,114
09:44:49,114
09:44:50,113
09:44:51,112
09:44:52,112
09:44:55,111
09:44:58,111
09:44:59,111
09:45:02,111
09:45:05,110
09:45:06,109
09:45:08,108
09:45:11,108
09:45:14,108
09:45:16,107
09:45:18,106
09:45:19,105
09:45:20,104
09:45:21,105
09:45:22,106
09:45:23,107
09:45:24,108
09:45:25,109
09:45:26,111
09:45:27,109
09:45:28,106
09:45:29,107
09:45:30,108
09:45:31,109
09:45:34,109
09:45:37,109
09:45:40,109
09:45:42,108
09:45:44,107
09:45:45,106
09:45:48,106
09:45:51,106
09:45:54,106
09:45:57,106
09:46:00,106
09:46:03,106
09:46:06,106
09:46:09,106
09:46:12,106
09:46:15,106
09:46:18,106
09:46:19,106
09:46:21,105
09:46:24,105
09:46:25,105
09:46:28,105
09:46:31,105
09:46:34,105
09:46:37,105
09:46:40,105
09:46:41,105
09:46:42,104
09:46:43,103
09:46:46,104
09:46:49,104
09:46:50,105
09:46:51,106
09:46:52,107
09:46:53,106
09:46:55,104
09:46:57,103
09:47:00,103
09:47:03,103
09:47:06,103
09:47:09,103
09:47:12,103
09:47:13,104
09:47:14,105
09:47:17,105
09:47:20,105
09:47:23,104
09:47:26,104
09:47:29,104
09:47:31,104
09:47:34,105
09:47:36,104
09:47:39,103
09:47:40,103
09:47:41,102
09:47:42,101
09:47:43,100
09:47:45,99
09:47:46,98
09:47:47,98
09:47:50,98
09:47:53,98
09:47:56,98
09:47:59,98
09:48:02,98
09:48:05,98
09:48:08,98
09:48:11,98
09:48:14,98
09:48:17,98
09:48:20,98
09:48:23,98
09:48:26,98
09:48:29,98
09:48:32,98
09:48:35,98
09:48:38,98
09:48:41,98
09:48:44,98
09:48:47,98
09:48:48,98
09:48:51,98
09:48:54,98
09:48:57,97
09:48:59,96
09:49:00,95
09:49:03,95
09:49:06,95
09:49:08,94
09:49:11,94
09:49:14,94
09:49:17,94
09:49:20,94
09:49:23,94
09:49:26,95
09:49:27,96
09:49:28,97
09:49:31,97
09:49:34,97
09:49:37,97
09:49:40,97
09:49:43,97
09:49:46,97
09:49:49,97
09:49:52,97
09:49:55,97
09:49:58,97
09:49:59,97
09:50:02,97
09:50:05,97
09:50:08,97
09:50:09,97
09:50:10,97
09:50:13,97
09:50:16,97
09:50:19,97
09:50:22,97
09:50:25,97
09:50:28,97
09:50:31,97
09:50:34,97
09:50:37,97
09:50:40,97
09:50:43,97
09:50:46,97
09:50:47,98
09:50:50,98
09:50:53,98
09:50:54,99
09:50:55,100
09:50:57,99
09:51:00,98
09:51:03,98
09:51:04,99
09:51:05,99
09:51:06,100
09:51:07,102
09:51:09,104
09:51:12,105
09:51:15,104
09:51:18,104
09:51:20,103
09:51:23,103
09:51:24,102
09:51:26,101
09:51:27,100
09:51:28,100
09:51:29,100
09:51:32,100
09:51:33,101
09:51:36,101
09:51:38,100
09:51:39,101
09:51:41,100
09:51:44,100
09:51:47,100
09:51:50,99
09:51:51,100
09:51:52,99
09:51:55,99
09:51:58,99
09:51:59,99
09:52:02,98
09:52:05,98
09:52:08,98
09:52:09,97
09:52:12,97
09:52:15,97
09:52:18,97
09:52:21,97
09:52:24,97
09:52:27,97
09:52:30,97
09:52:33,97
09:52:36,97
09:52:39,98
09:52:42,99
09:52:44,100
09:52:46,99
09:52:49,99
09:52:52,99
09:52:53,98
09:52:54,99
09:52:57,99
09:52:58,100
09:52:59,99
09:53:02,99
09:53:05,99
09:53:06,99
09:53:09,99
09:53:12,99
09:53:15,99
09:53:18,99
09:53:21,99
09:53:22,100
09:53:24,101
09:53:26,102
09:53:27,101
09:53:29,100
09:53:31,99
09:53:34,98
09:53:37,98
09:53:40,98
09:53:43,98
09:53:46,98
09:53:47,98
09:53:50,98
09:53:53,98
09:53:55,99
09:53:58,98
09:54:01,98
09:54:02,97
09:54:03,98
09:54:06,98
09:54:07,97
09:54:08,97
09:54:09,98
09:54:12,98
09:54:15,98
09:54:18,98
09:54:21,98
09:54:24,97
09:54:25,98
09:54:28,98
09:54:30,97
09:54:33,97
09:54:36,96
09:54:39,96
09:54:42,96
09:54:44,97
09:54:47,97
09:54:50,97
09:54:53,97
09:54:55,96
09:54:58,96
09:55:01,96
09:55:04,96
09:55:07,96
09:55:10,96
09:55:13,96
09:55:16,96
09:55:19,96
09:55:20,96
09:55:23,96
09:55:26,96
09:55:29,96
09:55:32,96
09:55:33,95
09:55:36,95
09:55:39,95
09:55:40,94
09:55:43,94
09:55:45,95
09:55:48,95
09:55:51,95
09:55:54,95
09:55:57,95
09:56:00,95
09:56:03,95
09:56:06,95
09:56:09,95
09:56:11,96
09:56:13,97
09:56:16,97
09:56:19,96
09:56:21,96
09:56:24,96
09:56:27,97
09:56:30,98
09:56:31,98
09:56:34,99
09:56:36,98
09:56:37,99
09:56:40,99
09:56:42,98
09:56:45,98
09:56:48,98
09:56:51,98
09:56:52,97
09:56:55,97
09:56:58,97
09:56:59,96
09:57:02,96
09:57:04,97
09:57:07,97
09:57:09,98
09:57:12,98
09:57:15,98
09:57:16,99
09:57:19,99
09:57:22,99
09:57:24,98
09:57:27,98
09:57:30,98
09:57:32,98
09:57:33,97
09:57:34,97
09:57:35,96
09:57:38,95
09:57:41,95
09:57:44,95
09:57:47,95
09:57:50,95
09:57:53,95
09:57:56,95
09:57:57,96
09:58:00,97
09:58:02,97
09:58:05,97
09:58:08,96
09:58:10,95
09:58:13,95
09:58:16,95
09:58:18,94
09:58:21,94
09:58:24,94
09:58:27,94
09:58:30,94
09:58:33,94
09:58:36,93
09:58:39,92
09:58:42,92
09:58:45,92
09:58:46,92
09:58:49,92
09:58:52,92
09:58:55,92
09:58:58,92
09:59:00,93
09:59:03,93
09:59:06,94
09:59:09,94
09:59:11,93
09:59:14,93
09:59:17,94
09:59:20,94
09:59:23,94
09:59:26,94
09:59:29,94
09:59:32,94
09:59:33,95
09:59:34,94
09:59:37,94
09:59:40,94
09:59:43,94
09:59:46,94
09:59:49,94
09:59:52,94
09:59:55,94
09:59:58,94
09:59:59,95
10:00:02,95
10:00:05,95
10:00:08,95
10:00:11,95
10:00:14,95
10:00:17,95
10:00:20,95
10:00:23,95
10:00:26,95
10:00:29,95
10:00:32,95
10:00:35,95
10:00:37,96
10:00:40,96
10:00:43,96
10:00:46,96
10:00:49,96
10:00:52,96
10:00:55,96
10:00:58,96
10:01:01,96
10:01:03,95
10:01:06,94
10:01:09,94
10:01:12,95
10:01:15,94
10:01:16,94
10:01:19,94
10:01:22,94
10:01:25,94
10:01:28,93
10:01:31,93
10:01:34,92
10:01:35,93
10:01:38,93
10:01:39,92
10:01:42,91
10:01:45,91
10:01:48,91
10:01:50,90
10:01:53,90
10:01:54,91
10:01:57,91
10:02:00,92
10:02:02,93
10:02:05,93
10:02:08,93
10:02:11,93
10:02:14,93
10:02:16,94
10:02:19,94
10:02:21,93
10:02:24,93
10:02:25,93
10:02:27,94
10:02:30,94
10:02:33,94
10:02:35,93
10:02:37,93
10:02:39,93
10:02:42,93
10:02:44,92
10:02:47,92
10:02:49,92
10:02:51,93
10:02:54,93
10:02:57,93
10:03:00,93
10:03:03,93
10:03:06,93
10:03:09,93
10:03:12,92
10:03:15,92
10:03:16,93
10:03:19,93
10:03:22,93
10:03:25,93
10:03:26,92
10:03:29,92
10:03:32,92
10:03:33,92
10:03:34,93
10:03:36,93
10:03:39,93
10:03:40,94
10:03:42,95
10:03:45,95
10:03:47,94
10:03:50,94
10:03:53,94
10:03:56,94
10:03:59,94
10:04:02,94
10:04:03,94
10:04:04,93
10:04:07,94
10:04:10,94
10:04:12,95
10:04:15,95
10:04:18,95
10:04:21,95
10:04:24,95
10:04:27,95
10:04:29,95
10:04:32,95
10:04:35,95
10:04:38,95
10:04:39,95
10:04:42,95
10:04:45,95
10:04:48,95
10:04:51,95
10:04:54,95
10:04:57,95
10:05:00,95
10:05:03,95
10:05:06,95
10:05:09,95
10:05:10,94
10:05:12,93
10:05:14,92
10:05:17,92
10:05:20,92
10:05:23,92
10:05:26,92
10:05:29,92
10:05:32,92
10:05:35,92
10:05:37,93
10:05:40,93
10:05:43,93
10:05:46,93
10:05:49,93
10:05:52,93
10:05:53,93
10:05:56,93
10:05:59,93
10:06:02,93
10:06:05,93
10:06:08,93
10:06:11,93
10:06:14,93
10:06:17,93
10:06:20,93
10:06:22,94
10:06:25,95
10:06:28,95
10:06:31,94
10:06:32,95
10:06:35,95
10:06:37,96
10:06:40,96
10:06:43,96
10:06:46,96
10:06:49,96
10:06:51,97
10:06:54,97
10:06:57,97
10:07:00,97
10:07:02,96
10:07:04,95
10:07:05,96
10:07:06,95
10:07:09,95
10:07:12,95
10:07:15,95
10:07:18,95
10:07:21,95
10:07:24,95
10:07:27,95
10:07:29,96
10:07:32,97
10:07:34,98
10:07:37,98
10:07:38,97
10:07:41,97
10:07:42,98
10:07:45,98
10:07:48,98
10:07:51,97
10:07:54,97
10:07:56,96
10:07:59,96
10:08:02,96
10:08:05,96
10:08:08,96
10:08:11,96
10:08:14,96
10:08:15,96
10:08:18,96
10:08:21,96
10:08:24,96
10:08:27,96
10:08:30,96
10:08:33,96
10:08:36,96
10:08:39,96
10:08:40,97
10:08:41,96
10:08:43,97
10:08:46,97
10:08:49,97
10:08:52,96
10:08:54,96
10:08:57,96
10:08:59,96
10:09:02,96
10:09:05,96
10:09:08,95
10:09:11,95
10:09:13,94
10:09:16,94
10:09:18,93
10:09:21,93
10:09:24,93
10:09:25,93
10:09:28,94
10:09:30,93
10:09:32,92
10:09:35,92
10:09:36,93
10:09:39,94
10:09:40,95
10:09:42,96
10:09:43,97
10:09:46,97
10:09:47,96
10:09:50,96
10:09:51,95
10:09:52,96
10:09:55,96
10:09:58,95
10:10:01,95
10:10:03,96
10:10:06,96
10:10:09,96
10:10:12,96
10:10:15,96
10:10:18,96
10:10:21,96
10:10:24,96
10:10:27,96
10:10:28,96
10:10:31,96
10:10:34,96
10:10:36,97
10:10:39,97
10:10:42,97
10:10:44,97
10:10:47,97
10:10:50,97
10:10:53,97
10:10:56,97
10:10:58,98
10:11:01,98
10:11:04,98
10:11:07,98
10:11:10,98
10:11:13,98
10:11:15,98
10:11:18,98
10:11:20,97
10:11:21,98
10:11:24,98
10:11:26,98
10:11:28,98
10:11:31,98
10:11:34,98
10:11:37,98
10:11:38,98
10:11:40,98
10:11:43,98
10:11:44,98
10:11:47,98
10:11:48,99
10:11:51,99
10:11:54,99
10:11:57,99
10:12:00,99
10:12:03,99
10:12:05,98
10:12:08,98
10:12:11,98
10:12:14,98
10:12:17,98
10:12:20,98
10:12:23,98
10:12:24,99
10:12:25,102
10:12:26,104
10:12:27,105
10:12:30,105
10:12:33,105
10:12:36,105
10:12:39,105
10:12:41,104
10:12:42,104
10:12:44,103
10:12:47,103
10:12:50,103
10:12:53,103
10:12:56,103
10:12:58,103
10:13:01,103
10:13:02,103
10:13:04,102
10:13:06,101
10:13:09,101
10:13:12,101
10:13:13,102
10:13:14,104
10:13:15,106
10:13:16,105
10:13:18,104
10:13:21,104
10:13:24,104
10:13:26,104
10:13:29,104
10:13:32,104
10:13:33,103
10:13:35,104
10:13:38,104
10:13:39,105
10:13:40,106
10:13:41,107
10:13:43,108
10:13:44,109
10:13:46,108
10:13:49,108
10:13:52,107
10:13:53,105
10:13:54,104
10:13:55,102
10:13:58,100
10:13:59,99
10:14:02,100
10:14:05,100
10:14:08,100
10:14:11,100
10:14:14,100
10:14:17,100
10:14:20,100
10:14:23,100
10:14:26,100
10:14:29,100
10:14:32,100
10:14:35,100
10:14:38,100
10:14:41,100
10:14:44,100
10:14:45,99
10:14:48,99
10:14:51,99
10:14:54,99
10:14:57,101
10:14:58,104
10:14:59,105
10:15:01,104
10:15:04,104
10:15:07,104
10:15:10,104
10:15:13,104
10:15:16,104
10:15:19,104
10:15:22,105
10:15:23,106
10:15:24,107
10:15:25,108
10:15:26,110
10:15:29,110
10:15:32,110
10:15:33,109
10:15:35,108
10:15:37,109
10:15:39,110
10:15:41,109
10:15:43,108
10:15:44,107
10:15:45,106
10:15:46,105
10:15:47,104
10:15:50,106
10:15:51,107
10:15:52,109
10:15:53,111
10:15:56,112
10:15:57,113
10:15:58,114
10:16:01,114
10:16:04,114
10:16:05,115
10:16:06,116
10:16:07,117
10:16:09,117
10:16:12,117
10:16:15,116
10:16:18,115
10:16:19,116
10:16:20,115
10:16:23,116
10:16:26,116
10:16:29,116
10:16:32,116
10:16:33,117
10:16:34,117
10:16:35,118
10:16:38,117
10:16:39,116
10:16:42,116
10:16:43,117
10:16:44,118
10:16:46,119
10:16:47,120
10:16:48,121
10:16:51,121
10:16:54,122
10:16:55,123
10:16:56,124
10:16:58,125
10:16:59,126
10:17:00,127
10:17:02,128
10:17:04,126
10:17:05,125
10:17:06,124
10:17:07,123
10:17:09,124
10:17:11,125
10:17:12,124
10:17:13,123
10:17:14,122
10:17:15,120
10:17:16,119
10:17:18,120
10:17:19,121
10:17:21,120
10:17:22,119
10:17:23,118
10:17:24,117
10:17:25,116
10:17:26,115
10:17:29,115
10:17:31,116
10:17:33,117
10:17:36,117
10:17:39,117
10:17:42,117
10:17:44,116
10:17:45,115
10:17:46,114
10:17:49,114
10:17:51,113
10:17:52,112
10:17:53,111
10:17:54,110
10:17:55,109
10:17:56,108
10:17:59,108
10:18:00,108
10:18:01,107
10:18:04,107
10:18:07,107
10:18:10,107
10:18:13,106
10:18:14,105
10:18:16,104
10:18:17,103
10:18:19,104
10:18:20,104
10:18:23,104
10:18:25,103
10:18:27,102
10:18:28,103
10:18:29,104
10:18:30,104
10:18:33,104
10:18:36,104
10:18:38,103
10:18:41,103
10:18:44,103
10:18:47,103
10:18:50,102
10:18:52,101
10:18:54,100
10:18:56,99
10:18:57,99
10:19:00,99
10:19:02,98
10:19:03,99
10:19:06,99
10:19:09,99
10:19:12,99
10:19:15,99
10:19:18,99
10:19:21,99
10:19:24,99
10:19:25,100
10:19:26,102
10:19:27,103
10:19:28,104
10:19:31,104
10:19:33,105
10:19:35,106
10:19:36,107
10:19:39,107
10:19:42,107
10:19:45,107
10:19:46,109
10:19:48,110
10:19:49,111
10:19:51,112
10:19:54,112
10:19:55,112
10:19:56,112
10:19:59,112
10:20:02,112
10:20:03,113
10:20:04,114
10:20:05,113
10:20:06,111
10:20:07,108
10:20:08,108
10:20:09,107
10:20:10,105
10:20:11,103
10:20:12,102
10:20:13,101
10:20:14,100
10:20:15,99
10:20:16,98
10:20:17,97
10:20:19,96
10:20:22,96
10:20:25,96
10:20:28,96
10:20:31,96
10:20:32,97
10:20:34,96
10:20:35,97
10:20:36,97
10:20:37,98
10:20:38,99
10:20:41,98
10:20:44,98
10:20:46,97
10:20:48,98
10:20:49,99
10:20:51,100
10:20:54,99
10:20:55,98
10:20:58,99
10:20:59,100
10:21:01,99
10:21:03,98
10:21:06,97
10:21:09,96
10:21:12,96
10:21:13,95
10:21:16,95
10:21:18,97
10:21:19,96
10:21:22,96
10:21:23,95
10:21:26,95
10:21:27,96
10:21:30,96
10:21:31,96
10:21:34,96
10:21:37,95
10:21:40,95
10:21:43,95
10:21:44,95
10:21:47,95
10:21:50,95
10:21:53,95
10:21:56,95
10:21:59,95
10:22:02,95
10:22:05,95
10:22:08,95
10:22:11,95
10:22:14,95
10:22:15,96
10:22:16,97
10:22:17,96
10:22:20,96
10:22:22,95
10:22:24,94
10:22:25,93
10:22:28,93
10:22:30,92
10:22:33,91
10:22:36,91
10:22:37,91
10:22:40,91
10:22:43,91
10:22:46,91
10:22:49,91
10:22:52,91
10:22:55,90
10:22:56,89
10:22:58,88
10:23:01,88
10:23:02,87
10:23:05,88
10:23:07,89
10:23:10,90
10:23:12,91
10:23:14,92
10:23:15,92
10:23:17,92
10:23:19,93
10:23:22,93
10:23:25,94
10:23:26,95
10:23:29,95
10:23:30,96
10:23:33,96
10:23:36,96
10:23:39,96
10:23:40,96
10:23:43,96
10:23:46,96
10:23:49,96
10:23:52,96
10:23:55,96
10:23:58,95
10:23:59,94
10:24:00,94
10:24:02,95
10:24:05,95
10:24:08,96
10:24:11,96
10:24:14,96
10:24:17,96
10:24:20,95
10:24:21,96
10:24:22,95
10:24:25,94
10:24:26,93
10:24:29,93
10:24:30,92
10:24:33,92
10:24:36,92
10:24:38,93
10:24:39,93
10:24:40,93
10:24:41,93
10:24:44,93
10:24:45,92
10:24:48,92
10:24:51,92
10:24:54,92
10:24:57,93
10:24:59,92
10:25:02,92
10:25:05,92
10:25:08,92
10:25:10,93
10:25:13,93
10:25:16,93
10:25:17,93
10:25:18,93
10:25:21,93
10:25:22,92
10:25:25,93
10:25:28,93
10:25:31,93
10:25:34,93
10:25:37,94
10:25:39,99
10:25:40,102
10:25:41,103
10:25:43,102
10:25:44,101
10:25:45,101
10:25:48,101
10:25:49,100
10:25:50,99
10:25:51,98
10:25:52,97
10:25:55,97
10:25:58,97
10:25:59,97
10:26:02,97
10:26:05,97
10:26:08,97
10:26:09,96
10:26:12,96
10:26:15,96
10:26:18,96
10:26:21,95
10:26:24,95
10:26:25,95
10:26:28,95
10:26:31,95
10:26:34,95
10:26:37,95
10:26:40,96
10:26:43,97
10:26:45,98
10:26:46,98
10:26:49,98
10:26:50,97
10:26:53,96
10:26:56,96
10:26:59,96
10:27:01,96
10:27:02,96
10:27:05,96
10:27:07,96
10:27:10,96
10:27:13,96
10:27:16,96
10:27:19,96
10:27:22,96
10:27:25,96
10:27:28,96
10:27:31,96
10:27:33,95
10:27:36,95
10:27:39,95
10:27:42,95
10:27:45,95
10:27:47,94
10:27:50,94
10:27:51,95
10:27:54,95
10:27:55,95
10:27:58,95
10:27:59,96
10:28:00,95
10:28:03,95
10:28:06,95
10:28:09,95
10:28:12,94
10:28:13,94
10:28:16,94
10:28:19,94
10:28:20,95
10:28:23,95
10:28:26,96
10:28:29,96
10:28:32,96
10:28:35,95
10:28:38,95
10:28:39,95
10:28:42,95
10:28:45,95
10:28:48,95
10:28:51,95
10:28:54,95
10:28:57,95
10:28:59,96
10:29:02,96
10:29:03,96
10:29:06,96
10:29:09,96
10:29:11,95
10:29:14,95
10:29:15,94
10:29:18,94
10:29:19,93
10:29:22,92
10:29:25,92
10:29:26,92
10:29:29,92
10:29:32,92
10:29:34,91
10:29:37,91
10:29:40,91
10:29:43,91
10:29:46,91
10:29:49,91
10:29:52,91
10:29:55,91
10:29:58,91
10:30:01,91
10:30:02,92
10:30:05,91
10:30:07,90
10:30:08,89
10:30:09,89
10:30:12,89
10:30:15,89
10:30:18,89
10:30:19,88
10:30:22,88
10:30:25,88
10:30:26,88
10:30:29,88
10:30:32,88
10:30:33,89
10:30:36,89
10:30:39,89
10:30:42,89
10:30:45,89
10:30:48,89
10:30:49,90
10:30:51,91
10:30:52,92
10:30:53,93
10:30:56,93
10:30:59,93
10:31:02,93
10:31:05,93
10:31:06,92
10:31:07,91
10:31:09,94
10:31:10,95
10:31:11,96
10:31:14,97
10:31:16,97
10:31:19,97
10:31:22,96
10:31:25,96
10:31:28,96
10:31:31,96
10:31:32,95
10:31:33,94
10:31:36,94
10:31:39,94
10:31:40,94
10:31:43,94
10:31:46,94
10:31:49,94
10:31:52,95
10:31:55,95
10:31:56,94
10:31:59,94
10:32:02,94
10:32:05,94
10:32:08,94
10:32:11,94
10:32:12,94
10:32:15,94
10:32:16,94
10:32:19,94
10:32:22,94
10:32:25,94
10:32:28,94
10:32:29,93
10:32:30,93
10:32:32,92
10:32:35,92
10:32:38,92
10:32:41,92
10:32:44,92
10:32:47,92
10:32:50,92
10:32:53,91
10:32:56,91
10:32:59,91
10:33:02,91
10:33:05,90
10:33:08,90
10:33:11,90
10:33:14,90
10:33:17,90
10:33:19,89
10:33:22,89
10:33:25,89
10:33:27,90
10:33:28,90
10:33:31,90
10:33:34,90
10:33:37,90
10:33:40,90
10:33:43,90
10:33:46,90
10:33:49,90
10:33:52,90
10:33:55,90
10:33:58,90
10:34:01,90
10:34:04,90
10:34:07,90
10:34:10,90
10:34:12,91
10:34:15,91
10:34:18,92
10:34:20,91
10:34:23,91
10:34:26,91
10:34:28,92
10:34:31,93
10:34:33,92
10:34:36,92
10:34:39,92
10:34:42,92
10:34:43,92
10:34:46,92
10:34:49,91
10:34:51,90
10:34:54,90
10:34:55,90
10:34:57,91
10:35:00,91
10:35:01,90
10:35:04,90
10:35:07,89
10:35:10,89
10:35:13,89
10:35:15,88
10:35:18,88
10:35:19,87
10:35:22,87
10:35:24,88
10:35:27,88
10:35:30,88
10:35:33,88
10:35:34,89
10:35:37,89
10:35:40,89
10:35:43,89
10:35:44,90
10:35:47,90
10:35:48,90
10:35:51,90
10:35:53,90
10:35:56,90
10:35:59,90
10:36:02,90
10:36:05,91
10:36:08,91
10:36:11,91
10:36:14,91
10:36:16,91
10:36:19,91
10:36:22,92
10:36:25,92
10:36:28,92
10:36:31,92
10:36:33,91
10:36:36,91
10:36:39,91
10:36:42,91
10:36:44,91
10:36:47,91
10:36:50,91
10:36:52,91
10:36:55,91
10:36:57,90
10:37:00,90
10:37:01,90
10:37:04,90
10:37:07,90
10:37:10,90
10:37:13,90
10:37:15,89
10:37:18,89
10:37:21,89
10:37:24,89
10:37:26,88
10:37:27,87
10:37:29,86
10:37:32,86
10:37:35,86
10:37:38,86
10:37:41,86
10:37:44,86
10:37:47,86
10:37:48,87
10:37:51,87
10:37:54,86
10:37:56,87
10:37:57,86
10:37:58,87
10:38:01,87
10:38:04,87
10:38:07,87
10:38:08,87
10:38:11,87
10:38:14,88
10:38:17,88
10:38:20,88
10:38:23,88
10:38:26,88
10:38:29,88
10:38:32,88
10:38:33,87
10:38:35,88
10:38:38,88
10:38:41,89
10:38:44,89
10:38:45,88
10:38:46,88
10:38:49,88
10:38:52,88
10:38:53,88
10:38:54,89
10:38:56,90
10:38:59,90
10:39:01,90
10:39:04,90
10:39:06,91
10:39:09,91
10:39:11,92
10:39:12,92
10:39:13,92
10:39:16,92
10:39:19,93
10:39:22,93
10:39:25,93
10:39:28,92
10:39:31,92
10:39:34,92
10:39:37,92
10:39:40,92
10:39:43,92
10:39:45,92
10:39:48,92
10:39:51,92
10:39:54,92
10:39:57,92
10:40:00,92
10:40:03,92
10:40:06,92
10:40:09,92
10:40:11,91
10:40:14,91
10:40:16,92
10:40:19,92
10:40:22,92
10:40:25,91
10:40:26,91
10:40:28,90
10:40:31,90
10:40:34,90
10:40:37,90
10:40:40,90
10:40:43,90
10:40:46,90
10:40:49,91
10:40:52,91
10:40:55,92
10:40:58,92
10:41:01,92
10:41:04,92
10:41:06,91
10:41:08,90
10:41:11,90
10:41:12,89
10:41:15,89
10:41:17,89
10:41:20,89
10:41:21,88
10:41:23,89
10:41:25,89
10:41:28,89
10:41:31,89
10:41:34,89
10:41:35,89
10:41:38,89
10:41:41,89
10:41:44,89
10:41:47,89
10:41:49,90
10:41:52,90
10:41:55,89
10:41:56,89
10:41:59,89
10:42:02,89
10:42:05,89
10:42:08,89
10:42:11,89
10:42:14,89
10:42:17,89
10:42:18,89
10:42:21,89
10:42:24,89
10:42:27,89
10:42:30,89
10:42:33,89
10:42:36,89
10:42:39,89
10:42:42,89
10:42:45,89
10:42:48,89
10:42:49,89
10:42:52,89
10:42:55,89
10:42:58,89
10:43:01,89
10:43:04,89
10:43:06,88
10:43:09,89
10:43:12,89
10:43:15,89
10:43:18,89
10:43:21,89
10:43:24,89
10:43:26,89
10:43:29,89
10:43:32,89
10:43:35,89
10:43:36,88
10:43:39,88
10:43:42,88
10:43:43,89
10:43:46,89
10:43:49,89
10:43:52,89
10:43:55,89
10:43:58,89
10:44:01,89
10:44:02,89
10:44:05,90
10:44:08,90
10:44:11,90
10:44:13,91
10:44:15,92
10:44:18,93
10:44:21,94
10:44:22,95
10:44:25,96
10:44:28,96
10:44:30,95
10:44:33,96
10:44:36,96
10:44:37,97
10:44:40,97
10:44:41,98
10:44:42,97
10:44:43,98
10:44:44,97
10:44:45,98
10:44:48,98
10:44:51,101
10:44:52,103
10:44:53,105
10:44:54,105
10:44:57,105
10:44:58,104
10:45:01,104
10:45:02,103
10:45:04,102
10:45:07,101
10:45:08,100
10:45:09,95
10:45:10,93
10:45:11,91
10:45:12,90
10:45:13,89
10:45:14,88
10:45:15,87
10:45:17,86
10:45:20,86
10:45:23,86
10:45:26,86
10:45:27,86
10:45:30,86
10:45:32,86
10:45:35,86
10:45:38,86
10:45:41,86
10:45:44,86
10:45:47,86
10:45:50,86
10:45:53,86
10:45:54,86
10:45:55,87
10:45:58,87
10:46:01,87
10:46:04,87
10:46:06,87
10:46:09,87
10:46:12,87
10:46:15,87
10:46:18,88
10:46:21,89
10:46:24,89
10:46:26,90
10:46:27,91
10:46:30,91
10:46:33,91
10:46:35,90
10:46:38,90
10:46:39,91
10:46:42,91
10:46:45,91
10:46:48,91
10:46:51,91
10:46:52,92
10:46:54,93
10:46:55,95
10:46:58,96
10:46:59,96
10:47:00,97
10:47:03,97
10:47:04,96
10:47:06,96
10:47:07,95
10:47:10,95
10:47:12,94
10:47:15,94
10:47:18,94
10:47:21,94
10:47:24,94
10:47:27,94
10:47:30,94
10:47:33,94
10:47:36,94
10:47:39,94
10:47:42,94
10:47:44,93
10:47:47,93
10:47:50,93
10:47:53,93
10:47:56,93
10:47:59,93
10:48:01,92
10:48:04,92
10:48:07,92
10:48:08,92
10:48:11,92
10:48:14,92
10:48:17,92
10:48:20,92
10:48:21,93
10:48:24,93
10:48:27,93
10:48:30,93
10:48:31,93
10:48:34,93
10:48:35,94
10:48:36,93
10:48:38,92
10:48:39,91
10:48:41,90
10:48:44,90
10:48:46,90
10:48:48,89
10:48:51,89
10:48:54,89
10:48:57,89
10:48:59,89
10:49:02,89
10:49:05,89
10:49:08,89
10:49:11,89
10:49:12,89
10:49:14,90
10:49:15,89
10:49:16,90
10:49:19,90
10:49:20,89
10:49:23,88
10:49:24,88
10:49:27,87
10:49:30,87
10:49:33,87
10:49:36,87
10:49:39,87
10:49:42,87
10:49:43,88
10:49:46,88
10:49:49,88
10:49:52,88
10:49:55,88
10:49:58,88
10:50:01,88
10:50:04,88
10:50:07,88
10:50:08,89
10:50:11,89
10:50:14,88
10:50:17,88
10:50:18,88
10:50:21,88
10:50:24,88
10:50:25,89
10:50:27,90
10:50:29,91
10:50:31,92
10:50:34,92
10:50:35,91
10:50:36,90
10:50:37,90
10:50:40,90
10:50:43,90
10:50:45,89
10:50:48,89
10:50:50,88
10:50:53,88
10:50:56,88
10:50:59,88
10:51:02,88
10:51:05,88
10:51:08,88
10:51:11,88
10:51:12,89
10:51:14,90
10:51:15,91
10:51:17,92
10:51:18,92
10:51:21,92
10:51:24,93
10:51:26,93
10:51:28,94
10:51:30,94
10:51:31,94
10:51:32,93
10:51:35,94
10:51:38,94
10:51:41,95
10:51:42,96
10:51:44,97
10:51:47,96
10:51:49,97
10:51:52,97
10:51:55,97
10:51:58,96
10:52:01,96
10:52:03,95
10:52:06,95
10:52:08,94
10:52:11,94
10:52:14,95
10:52:17,96
10:52:20,96
10:52:23,96
10:52:24,96
10:52:27,96
10:52:30,96
10:52:32,95
10:52:35,95
10:52:37,94
10:52:40,94
10:52:41,93
10:52:44,93
10:52:47,93
10:52:49,92
10:52:52,92
10:52:53,91
10:52:56,91
10:52:58,90
10:53:01,90
10:53:04,90
10:53:07,90
10:53:09,89
10:53:12,89
10:53:14,88
10:53:17,88
10:53:20,88
10:53:23,88
10:53:26,88
10:53:29,88
10:53:31,89
10:53:32,89
10:53:34,88
10:53:35,89
10:53:38,89
10:53:41,89
10:53:44,89
10:53:47,89
10:53:50,89
10:53:53,89
10:53:56,89
10:53:59,89
10:54:01,88
10:54:04,88
10:54:07,88
10:54:10,88
10:54:13,88
10:54:16,88
10:54:19,88
10:54:22,88
10:54:23,87
10:54:26,87
10:54:29,87
10:54:32,87
10:54:35,87
10:54:38,87
10:54:41,87
10:54:44,87
10:54:45,87
10:54:46,88
10:54:49,88
10:54:52,88
10:54:55,88
10:54:58,88
10:55:01,88
10:55:04,88
10:55:07,88
10:55:09,87
10:55:12,87
10:55:15,87
10:55:18,87
10:55:21,87
10:55:24,87
10:55:27,87
10:55:29,86
10:55:32,86
10:55:35,86
10:55:38,86
10:55:41,86
10:55:44,86
10:55:46,87
10:55:48,88
10:55:49,89
10:55:52,89
10:55:54,88
10:55:55,88
10:55:58,88
10:56:01,88
10:56:04,87
10:56:05,86
10:56:08,86
10:56:11,86
10:56:14,86
10:56:15,86
10:56:17,85
10:56:19,86
10:56:21,85
10:56:23,85
10:56:26,85
10:56:29,85
10:56:32,85
10:56:35,85
10:56:38,85
10:56:41,85
10:56:44,85
10:56:47,85
10:56:50,85
10:56:53,85
10:56:55,86
10:56:58,86
10:57:01,86
10:57:04,86
10:57:06,87
10:57:09,87
10:57:12,87
10:57:13,88
10:57:14,89
10:57:15,88
10:57:18,88
10:57:19,89
10:57:22,89
10:57:25,89
10:57:28,90
10:57:31,90
10:57:34,89
10:57:37,89
10:57:39,89
10:57:42,89
10:57:44,90
10:57:47,90
10:57:50,89
10:57:53,89
10:57:56,89
10:57:57,88
10:57:59,87
10:58:02,87
10:58:04,88
10:58:07,88
10:58:08,89
10:58:09,89
10:58:12,89
10:58:15,89
10:58:18,89
10:58:20,89
10:58:23,90
10:58:26,90
10:58:29,90
10:58:32,90
10:58:35,90
10:58:38,90
10:58:41,90
10:58:43,89
10:58:46,89
10:58:49,89
10:58:52,89
10:58:55,89
10:58:58,89
10:59:01,89
10:59:04,88
10:59:06,87
10:59:07,86
10:59:10,86
10:59:11,86
10:59:14,86
10:59:17,86
10:59:20,86
10:59:21,87
10:59:24,87
10:59:26,88
10:59:29,88
10:59:32,88
10:59:35,88
10:59:38,88
10:59:41,88
10:59:44,88
10:59:47,88
10:59:50,88
10:59:53,88
10:59:54,88
10:59:57,88
10:59:58,88
10:59:59,89
11:00:00,90
11:00:03,90
11:00:06,90
11:00:09,90
11:00:11,90
11:00:12,89
11:00:13,89
11:00:16,89
11:00:19,89
11:00:22,89
11:00:25,89
11:00:26,89
11:00:29,89
11:00:32,89
11:00:35,89
11:00:36,88
11:00:39,88
11:00:42,87
11:00:45,87
11:00:47,86
11:00:50,86
11:00:53,86
11:00:56,86
11:00:59,85
11:01:02,85
11:01:05,85
11:01:07,85
11:01:10,85
11:01:13,85
11:01:16,85
11:01:19,85
11:01:22,85
11:01:25,85
11:01:28,85
11:01:31,85
11:01:33,86
11:01:34,86
11:01:35,86
11:01:36,86
11:01:39,85
11:01:40,84
11:01:42,83
11:01:45,83
11:01:48,83
11:01:51,82
11:01:54,82
11:01:57,82
11:01:58,83
11:02:01,83
11:02:04,83
11:02:06,84
11:02:08,85
11:02:11,85
11:02:14,85
11:02:15,84
11:02:16,84
11:02:19,84
11:02:22,84
11:02:25,84
11:02:28,84
11:02:31,84
11:02:34,84
11:02:37,84
11:02:40,84
11:02:43,83
11:02:44,83
11:02:47,83
11:02:50,83
11:02:53,83
11:02:56,83
11:02:59,83
11:03:00,84
11:03:01,87
11:03:02,87
11:03:05,87
11:03:08,87
11:03:11,87
11:03:14,87
11:03:17,87
11:03:20,87
11:03:23,87
11:03:26,87
11:03:29,87
11:03:32,87
11:03:35,87
11:03:38,87
11:03:39,86
11:03:42,85
11:03:45,85
11:03:46,84
11:03:49,83
11:03:52,83
11:03:53,83
11:03:56,83
11:03:59,83
11:04:00,84
11:04:01,83
11:04:04,83
11:04:07,83
11:04:10,83
11:04:13,83
11:04:16,83
11:04:19,83
11:04:21,82
11:04:24,82
11:04:27,82
11:04:30,82
11:04:33,82
11:04:36,82
11:04:39,82
11:04:40,83
11:04:43,83
11:04:45,84
11:04:48,85
11:04:51,85
11:04:54,85
11:04:57,85
11:05:00,85
11:05:03,85
11:05:04,86
11:05:06,87
11:05:08,88
11:05:09,89
11:05:12,89
11:05:15,90
11:05:18,90
11:05:21,91
11:05:24,91
11:05:27,91
11:05:30,91
11:05:33,91
11:05:36,91
11:05:39,91
11:05:40,92
11:05:43,92
11:05:45,93
11:05:47,94
11:05:50,94
11:05:53,94
11:05:56,94
11:05:59,94
11:06:02,93
11:06:05,93
11:06:08,93
11:06:11,93
11:06:14,93
11:06:15,93
11:06:16,94
11:06:19,95
11:06:21,96
11:06:24,96
11:06:25,97
11:06:28,97
11:06:29,98
11:06:30,97
11:06:32,96
11:06:33,95
11:06:34,94
11:06:36,93
11:06:39,93
11:06:40,92
11:06:43,92
11:06:45,93
11:06:48,93
11:06:51,93
11:06:54,93
11:06:57,94
11:07:00,94
11:07:03,93
11:07:04,92
11:07:07,92
11:07:10,91
11:07:12,92
11:07:13,92
11:07:15,91
11:07:18,91
11:07:21,91
11:07:24,91
11:07:25,90
11:07:28,89
11:07:30,88
11:07:33,88
11:07:36,88
11:07:39,88
11:07:41,88
11:07:44,87
11:07:47,84
11:07:48,84
11:07:49,83
11:07:51,83
11:07:54,83
11:07:57,83
11:08:00,83
11:08:03,83
11:08:06,84
11:08:09,84
11:08:12,84
11:08:15,84
11:08:18,84
11:08:21,84
11:08:22,84
11:08:25,84
11:08:28,84
11:08:31,84
11:08:34,84
11:08:37,84
11:08:39,84
11:08:42,84
11:08:45,84
11:08:48,84
11:08:51,84
11:08:54,84
11:08:57,84
11:09:00,84
11:09:02,83
11:09:05,83
11:09:08,83
11:09:11,83
11:09:14,83
11:09:15,82
11:09:18,82
11:09:19,83
11:09:22,84
11:09:24,85
11:09:27,85
11:09:28,86
11:09:31,86
11:09:32,86
11:09:35,87
11:09:37,87
11:09:38,87
11:09:39,87
11:09:40,85
11:09:41,85
11:09:44,85
11:09:47,85
11:09:50,85
11:09:53,85
11:09:56,85
11:09:59,85
11:10:02,85
11:10:05,85
11:10:08,85
11:10:11,85
11:10:14,85
11:10:16,85
11:10:19,85
11:10:22,85
11:10:25,85
11:10:28,85
11:10:31,85
11:10:34,85
11:10:37,85
11:10:38,86
11:10:39,86
11:10:42,86
11:10:45,86
11:10:48,86
11:10:51,86
11:10:52,87
11:10:55,87
11:10:58,87
11:11:00,88
11:11:03,88
11:11:06,89
11:11:09,89
11:11:11,89
11:11:13,90
11:11:15,91
11:11:18,91
11:11:21,92
11:11:24,92
11:11:26,91
11:11:29,91
11:11:30,92
11:11:33,92
11:11:35,93
11:11:38,93
11:11:41,92
11:11:44,91
11:11:47,91
11:11:48,91
11:11:49,92
11:11:52,92
11:11:55,92
11:11:58,92
11:12:01,92
11:12:04,92
11:12:07,92
11:12:10,92
11:12:11,93
11:12:13,94
11:12:16,94
11:12:19,94
11:12:22,95
11:12:23,95
11:12:26,95
11:12:27,96
11:12:30,95
11:12:33,94
11:12:34,95
11:12:37,96
11:12:40,96
11:12:41,97
11:12:43,96
11:12:46,96
11:12:47,95
11:12:50,95
11:12:51,94
11:12:54,94
11:12:57,94
11:12:59,95
11:13:00,94
11:13:03,94
11:13:06,93
11:13:09,92
11:13:10,92
11:13:13,92
11:13:16,91
11:13:19,91
11:13:21,90
11:13:24,90
11:13:27,90
11:13:29,89
11:13:32,90
11:13:35,90
11:13:38,90
11:13:41,90
11:13:44,90
11:13:47,90
11:13:50,90
11:13:53,90
11:13:56,90
11:13:59,90
11:14:02,90
11:14:03,90
11:14:04,90
11:14:07,90
11:14:10,90
11:14:11,91
11:14:12,92
11:14:13,93
11:14:14,93
11:14:17,93
11:14:20,93
11:14:22,94
11:14:23,95
11:14:24,96
11:14:25,97
11:14:26,98
11:14:29,98
11:14:30,99
11:14:33,99
11:14:36,99
11:14:39,99
11:14:42,99
11:14:45,99
11:14:46,99
11:14:49,99
11:14:52,99
11:14:55,99
11:14:58,99
11:14:59,99
11:15:02,99
11:15:05,99
11:15:08,99
11:15:11,99
11:15:14,99
11:15:15,100
11:15:16,99
11:15:19,99
11:15:22,99
11:15:25,99
11:15:28,99
11:15:31,99
11:15:34,99
11:15:35,99
11:15:36,100
11:15:39,101
11:15:40,102
11:15:41,104
11:15:44,104
11:15:47,104
11:15:50,104
11:15:53,104
11:15:54,104
11:15:57,104
11:16:00,104
11:16:02,104
11:16:03,104
11:16:04,103
11:16:05,104
11:16:07,102
11:16:10,102
11:16:11,102
11:16:13,101
11:16:16,101
11:16:19,101
11:16:22,101
11:16:25,101
11:16:28,101
11:16:31,101
11:16:34,101
11:16:37,101
11:16:40,102
11:16:43,102
11:16:45,103
11:16:48,103
11:16:51,104
11:16:52,106
11:16:53,107
11:16:56,106
11:16:59,107
11:17:01,106
11:17:02,105
11:17:03,104
11:17:04,104
11:17:06,103
11:17:07,104
11:17:08,103
11:17:09,102
11:17:10,101
11:17:13,101
11:17:16,101
11:17:19,101
11:17:22,101
11:17:25,101
11:17:28,101
11:17:31,101
11:17:34,101
11:17:36,102
11:17:38,103
11:17:39,104
11:17:42,104
11:17:45,104
11:17:48,104
11:17:49,103
11:17:51,102
11:17:52,103
11:17:54,104
11:17:55,105
11:17:57,106
11:17:59,105
11:18:00,105
11:18:02,106
11:18:03,107
11:18:04,106
11:18:05,105
11:18:06,104
11:18:07,103
11:18:08,102
11:18:09,101
11:18:11,102
11:18:12,103
11:18:13,105
11:18:14,104
11:18:15,103
11:18:16,102
11:18:17,101
11:18:18,100
11:18:19,101
11:18:20,103
11:18:21,105
11:18:23,103
11:18:24,102
11:18:26,101
11:18:27,100
11:18:28,99
11:18:29,98
11:18:30,99
11:18:31,101
11:18:32,103
11:18:33,106
11:18:34,107
11:18:35,109
11:18:36,111
11:18:37,113
11:18:38,114
11:18:39,115
11:18:40,114
11:18:42,113
11:18:44,112
11:18:45,111
11:18:47,113
11:18:49,115
11:18:50,116
11:18:51,117
11:18:52,118
11:18:53,119
11:18:54,120
11:18:57,120
11:18:58,119
11:19:01,119
11:19:04,118
11:19:06,117
11:19:09,117
11:19:12,117
11:19:13,117
11:19:16,117
11:19:19,117
11:19:21,116
11:19:22,115
11:19:23,113
11:19:24,112
11:19:25,111
11:19:26,110
11:19:27,109
11:19:29,108
11:19:31,107
11:19:34,107
11:19:35,107
11:19:36,106
11:19:37,105
11:19:39,104
11:19:42,104
11:19:44,103
11:19:45,104
11:19:46,105
11:19:48,106
11:19:49,107
11:19:51,106
11:19:52,107
11:19:53,108
11:19:54,109
11:19:55,109
11:19:56,110
11:19:57,111
11:20:00,111
11:20:01,112
11:20:04,111
11:20:06,110
11:20:07,108
11:20:09,107
11:20:10,106
11:20:13,106
11:20:15,107
11:20:16,108
11:20:17,107
11:20:19,106
11:20:20,105
11:20:21,104
11:20:22,103
11:20:25,103
11:20:28,103
11:20:31,103
11:20:34,103
11:20:36,106
11:20:37,107
11:20:40,108
11:20:42,107
11:20:44,106
11:20:45,106
11:20:46,107
11:20:49,107
11:20:50,108
11:20:51,109
11:20:54,109
11:20:55,110
11:20:58,110
11:20:59,109
11:21:00,107
11:21:02,106
11:21:03,107
11:21:05,106
11:21:06,105
11:21:07,104
11:21:08,105
11:21:09,106
11:21:10,107
11:21:11,108
11:21:12,110
11:21:14,111
11:21:17,111
11:21:20,111
11:21:21,112
11:21:24,112
11:21:27,112
11:21:29,112
11:21:30,113
11:21:33,113
11:21:35,112
11:21:38,112
11:21:41,112
11:21:44,112
11:21:47,112
11:21:50,112
11:21:53,112
11:21:54,111
11:21:55,109
11:21:56,108
11:21:57,107
11:21:58,106
11:22:01,106
11:22:04,106
11:22:07,106
11:22:10,106
11:22:13,104
11:22:14,103
11:22:15,102
11:22:16,101
11:22:19,101
11:22:22,101
11:22:25,102
11:22:26,103
11:22:29,103
11:22:30,103
11:22:33,103
11:22:36,103
11:22:39,103
11:22:42,103
11:22:45,103
11:22:48,103
11:22:51,104
11:22:54,105
11:22:55,104
11:22:56,103
11:22:59,103
11:23:02,103
11:23:05,103
11:23:08,103
11:23:11,103
11:23:14,104
11:23:17,104
11:23:20,104
11:23:22,104
11:23:25,104
11:23:27,103
11:23:30,104
11:23:31,103
11:23:32,104
11:23:33,105
11:23:34,106
11:23:35,107
11:23:36,108
11:23:37,109
11:23:38,110
11:23:41,110
11:23:44,110
11:23:47,111
11:23:48,112
11:23:51,111
11:23:54,110
11:23:55,109
11:23:56,108
11:23:57,107
11:23:59,106
11:24:02,106
11:24:05,106
11:24:08,105
11:24:11,107
11:24:13,109
11:24:14,110
11:24:15,111
11:24:16,110
11:24:18,109
11:24:20,108
11:24:22,107
11:24:25,106
11:24:27,108
11:24:28,110
11:24:29,111
11:24:31,110
11:24:32,109
11:24:34,108
11:24:37,109
11:24:39,108
11:24:40,107
11:24:41,106
11:24:44,105
11:24:47,105
11:24:49,106
11:24:52,106
11:24:53,107
11:24:56,108
11:24:58,109
11:24:59,110
11:25:00,112
11:25:03,112
11:25:05,113
11:25:08,113
11:25:09,112
11:25:10,111
11:25:11,110
11:25:13,109
11:25:15,110
11:25:18,110
11:25:19,110
11:25:21,111
11:25:23,112
11:25:25,113
11:25:26,114
11:25:29,113
11:25:30,112
11:25:33,111
11:25:36,111
11:25:37,110
11:25:38,109
11:25:39,108
11:25:42,108
11:25:43,107
11:25:44,106
11:25:45,105
11:25:48,105
11:25:51,105
11:25:54,105
11:25:57,105
11:25:58,104
11:25:59,103
11:26:02,104
11:26:03,105
11:26:04,106
11:26:05,107
11:26:06,108
11:26:07,109
11:26:08,110
11:26:11,110
11:26:14,111
11:26:17,111
11:26:18,112
11:26:19,111
11:26:20,110
11:26:21,109
11:26:22,108
11:26:23,107
11:26:24,106
11:26:25,105
11:26:26,104
11:26:27,103
11:26:28,102
11:26:29,101
11:26:32,100
11:26:35,101
11:26:36,102
11:26:37,103
11:26:38,102
11:26:41,103
11:26:43,104
11:26:46,103
11:26:49,103
11:26:52,103
11:26:53,103
11:26:56,103
11:26:57,104
11:26:58,105
11:26:59,106
11:27:00,107
11:27:01,108
11:27:02,109
11:27:03,110
11:27:04,109
11:27:05,106
11:27:07,105
11:27:08,104
11:27:09,103
11:27:10,102
11:27:11,101
11:27:12,100
11:27:15,100
11:27:16,101
11:27:18,102
11:27:21,103
11:27:24,103
11:27:26,102
11:27:29,102
11:27:32,102
11:27:33,101
11:27:36,101
11:27:37,101
11:27:39,100
11:27:42,100
11:27:44,101
11:27:46,102
11:27:47,103
11:27:50,104
11:27:53,104
11:27:54,105
11:27:55,106
11:27:56,105
11:27:57,104
11:27:58,103
11:27:59,102
11:28:02,102
11:28:05,102
11:28:06,101
11:28:09,102
11:28:10,104
11:28:11,105
11:28:13,106
11:28:15,107
11:28:16,106
11:28:17,105
11:28:18,104
11:28:21,105
11:28:24,105
11:28:25,105
11:28:28,105
11:28:31,105
11:28:32,106
11:28:33,108
11:28:34,109
11:28:35,110
11:28:36,111
11:28:37,114
11:28:38,115
11:28:40,116
11:28:41,115
11:28:42,114
11:28:44,113
11:28:45,112
11:28:47,111
11:28:49,110
11:28:50,109
11:28:51,108
11:28:52,107
11:28:53,106
11:28:54,105
11:28:55,104
11:28:56,105
11:28:58,107
11:29:00,107
11:29:01,106
11:29:02,106
11:29:03,105
11:29:04,104
11:29:06,103
11:29:08,102
11:29:11,103
11:29:14,103
11:29:15,104
11:29:17,105
11:29:18,104
11:29:21,104
11:29:24,104
11:29:27,104
11:29:30,104
11:29:33,104
11:29:36,104
11:29:39,105
11:29:40,106
11:29:41,105
11:29:42,106
11:29:44,107
11:29:47,107
11:29:49,108
11:29:50,109
11:29:51,110
11:29:52,109
11:29:53,108
11:29:54,107
11:29:55,106
11:29:56,105
11:29:57,104
11:29:58,106
11:29:59,108
11:30:02,109
11:30:05,109
11:30:08,109
11:30:11,109
11:30:14,108
11:30:16,107
11:30:17,106
11:30:18,105
11:30:19,104
11:30:21,105
11:30:23,104
11:30:26,104
11:30:29,104
11:30:30,105
11:30:31,107
11:30:32,108
11:30:34,109
11:30:35,110
11:30:37,111
11:30:40,112
11:30:41,113
11:30:42,114
11:30:43,115
11:30:44,116
11:30:46,117
11:30:49,117
11:30:50,118
11:30:53,118
11:30:55,117
11:30:58,117
11:31:00,116
11:31:01,115
11:31:04,115
11:31:05,114
11:31:07,113
11:31:08,112
11:31:09,111
11:31:11,112
11:31:12,113
11:31:13,112
11:31:14,110
11:31:17,110
11:31:18,111
11:31:20,111
11:31:21,112
11:31:22,113
11:31:23,115
11:31:24,116
11:31:25,116
11:31:26,117
11:31:27,118
11:31:28,119
11:31:31,119
11:31:32,118
11:31:33,116
11:31:34,115
11:31:35,114
11:31:37,114
11:31:39,113
11:31:42,113
11:31:44,114
11:31:47,115
11:31:48,114
11:31:49,114
11:31:50,113
11:31:52,112
11:31:55,112
11:31:56,111
11:31:59,110
11:32:01,109
11:32:03,108
11:32:04,107
11:32:05,106
11:32:06,105
11:32:07,104
11:32:08,103
11:32:09,102
11:32:10,101
11:32:11,100
11:32:12,99
11:32:14,100
11:32:15,101
11:32:16,102
11:32:18,103
11:32:19,103
11:32:21,101
11:32:22,100
11:32:24,101
11:32:27,101
11:32:30,101
11:32:33,103
11:32:34,104
11:32:37,104
11:32:40,104
11:32:43,104
11:32:46,104
11:32:49,104
11:32:52,104
11:32:55,104
11:32:56,106
11:32:57,107
11:32:58,109
11:32:59,108
11:33:02,108
11:33:03,109
11:33:05,110
11:33:06,111
11:33:07,112
11:33:08,113
11:33:11,113
11:33:13,112
11:33:14,111
11:33:15,112
11:33:17,112
11:33:18,113
11:33:21,113
11:33:23,112
11:33:24,111
11:33:27,110
11:33:29,111
11:33:32,111
11:33:35,110
11:33:38,109
11:33:40,108
11:33:41,107
11:33:43,106
11:33:45,105
11:33:47,104
11:33:50,103
11:33:51,104
11:33:52,105
11:33:55,105
11:33:58,105
11:33:59,104
11:34:02,105
11:34:03,106
11:34:04,107
11:34:05,108
11:34:06,109
11:34:07,110
11:34:10,109
11:34:11,108
11:34:13,106
11:34:14,103
11:34:16,102
11:34:18,101
11:34:21,101
11:34:24,101
11:34:26,100
11:34:27,101
11:34:30,102
11:34:33,101
11:34:34,100
11:34:35,99
11:34:37,98
11:34:40,98
11:34:41,98
11:34:44,98
11:34:47,98
11:34:50,98
11:34:52,99
11:34:55,99
11:34:56,98
11:34:58,97
11:34:59,98
11:35:01,97
11:35:03,98
11:35:05,99
11:35:08,99
11:35:09,100
11:35:12,100
11:35:15,100
11:35:18,100
11:35:20,101
11:35:22,103
11:35:23,104
11:35:24,105
11:35:26,106
11:35:29,106
11:35:30,107
11:35:33,107
11:35:34,106
11:35:37,106
11:35:38,106
11:35:41,105
11:35:42,104
11:35:43,103
11:35:44,102
11:35:45,101
11:35:46,100
11:35:47,99
11:35:49,98
11:35:50,97
11:35:52,96
11:35:53,98
11:35:54,101
11:35:55,104
11:35:57,103
11:35:58,102
11:35:59,103
11:36:01,104
11:36:03,103
11:36:04,102
11:36:05,101
11:36:08,100
11:36:09,101
11:36:11,102
11:36:13,103
11:36:14,104
11:36:15,105
11:36:16,105
11:36:17,104
11:36:20,105
11:36:21,107
11:36:22,108
11:36:23,110
11:36:25,111
11:36:26,112
11:36:29,113
11:36:30,115
11:36:32,116
11:36:33,118
11:36:34,117
11:36:36,116
11:36:37,115
11:36:40,115
11:36:41,114
11:36:42,113
11:36:44,112
11:36:46,113
11:36:47,114
11:36:48,113
11:36:51,114
11:36:52,115
11:36:53,116
11:36:55,117
11:36:56,116
11:36:57,115
11:36:59,114
11:37:01,115
11:37:03,114
11:37:04,113
11:37:05,113
11:37:08,112
11:37:10,111
11:37:12,110
11:37:14,109
11:37:15,109
11:37:16,108
11:37:19,107
11:37:22,107
11:37:23,106
11:37:25,105
11:37:27,104
11:37:30,103
11:37:33,102
11:37:36,101
11:37:38,100
11:37:41,100
11:37:42,99
11:37:45,99
11:37:47,99
11:37:50,99
11:37:53,99
11:37:54,99
11:37:57,99
11:38:00,99
11:38:03,99
11:38:06,100
11:38:09,100
11:38:10,99
11:38:13,99
11:38:14,98
11:38:17,98
11:38:19,97
11:38:22,97
11:38:25,97
11:38:28,97
11:38:29,96
11:38:30,95
11:38:33,95
11:38:35,94
11:38:36,93
11:38:38,92
11:38:40,91
11:38:43,91
11:38:46,91
11:38:49,91
11:38:50,91
11:38:53,91
11:38:56,91
11:38:57,91
11:39:00,91
11:39:03,91
11:39:06,91
11:39:09,91
11:39:11,90
11:39:14,90
11:39:16,90
11:39:17,90
11:39:19,90
11:39:21,90
11:39:23,91
11:39:24,89
11:39:25,88
11:39:26,87
11:39:29,86
11:39:30,85
11:39:31,84
11:39:32,85
11:39:35,85
11:39:36,86
11:39:39,86
11:39:42,86
11:39:45,86
11:39:48,86
11:39:51,86
11:39:54,86
11:39:55,86
11:39:58,86
11:40:01,86
11:40:03,87
11:40:05,88
11:40:08,89
11:40:09,89
11:40:12,89
11:40:15,89
11:40:18,89
11:40:21,89
11:40:24,89
11:40:27,89
11:40:30,89
11:40:33,89
11:40:36,89
11:40:39,89
11:40:42,89
11:40:45,89
11:40:48,89
11:40:51,89
11:40:53,89
11:40:56,89
11:40:58,88
11:40:59,88
11:41:02,88
11:41:05,88
11:41:06,88
11:41:09,88
11:41:12,88
11:41:15,88
11:41:18,88
11:41:21,88
11:41:24,88
11:41:25,87
11:41:28,86
11:41:31,85
11:41:34,85
11:41:37,85
11:41:39,84
11:41:40,84
11:41:41,83
11:41:44,83
11:41:46,82
11:41:49,83
11:41:50,82
11:41:52,81
11:41:55,81
11:41:57,80
11:42:00,80
11:42:03,80
11:42:06,80
11:42:09,80
11:42:12,80
11:42:13,80
11:42:16,80
11:42:19,80
11:42:20,80
11:42:21,80
11:42:22,80
11:42:25,80
11:42:28,80
11:42:31,80
11:42:34,81
11:42:36,82
11:42:39,82
11:42:42,82
11:42:44,83
11:42:46,82
11:42:49,82
11:42:52,82
11:42:55,82
11:42:56,81
11:42:58,80
11:42:59,79
11:43:02,80
11:43:04,80
11:43:07,81
11:43:10,81
11:43:13,81
11:43:16,81
11:43:17,81
11:43:18,82
11:43:20,83
11:43:23,83
11:43:26,83
11:43:29,84
11:43:32,84
11:43:34,83
11:43:37,83
11:43:40,83
11:43:41,82
11:43:44,82
11:43:46,81
11:43:48,79
11:43:49,78
11:43:51,77
11:43:52,77
11:43:55,77
11:43:58,77
11:44:01,77
11:44:04,77
11:44:07,77
11:44:10,77
11:44:13,78
11:44:16,78
11:44:19,78
11:44:22,78
11:44:23,78
11:44:26,78
11:44:28,79
11:44:30,80
11:44:32,81
11:44:35,82
11:44:38,82
11:44:41,82
11:44:42,83
11:44:44,84
11:44:47,84
11:44:50,84
11:44:53,84
11:44:56,84
11:44:58,83
11:45:01,83
11:45:03,82
11:45:06,82
11:45:08,84
11:45:09,84
11:45:12,84
11:45:15,84
11:45:18,84
11:45:21,84
11:45:24,80
11:45:25,79
11:45:26,78
11:45:27,77
11:45:30,76
11:45:33,76
11:45:36,77
11:45:39,77
11:45:40,77
11:45:43,77
11:45:46,77
11:45:47,78
11:45:50,78
11:45:53,78
11:45:56,78
11:45:59,78
11:46:02,78
11:46:05,78
11:46:08,78
11:46:10,79
11:46:13,79
11:46:16,79
11:46:19,79
11:46:22,79
11:46:25,79
11:46:28,79
11:46:30,80
11:46:33,80
11:46:34,78
11:46:35,77
11:46:36,77
11:46:39,77
11:46:42,77
11:46:45,77
11:46:46,78
11:46:49,78
11:46:52,78
11:46:55,78
11:46:58,78
11:47:01,78
11:47:02,79
11:47:03,78
11:47:06,79
11:47:07,81
11:47:08,82
11:47:09,83
11:47:10,83
11:47:13,83
11:47:14,83
11:47:15,82
11:47:16,82
11:47:17,81
11:47:19,81
11:47:22,81
11:47:25,81
11:47:28,81
11:47:31,81
11:47:32,81
11:47:35,81
11:47:38,81
11:47:41,81
11:47:44,81
11:47:45,82
11:47:47,83
11:47:50,83
11:47:53,83
11:47:56,83
11:47:59,83
11:48:02,82
11:48:04,83
11:48:07,83
11:48:10,83
11:48:13,83
11:48:16,83
11:48:17,83
11:48:18,82
11:48:21,81
11:48:24,81
11:48:27,81
11:48:30,81
11:48:33,81
11:48:36,81
11:48:39,81
11:48:42,82
11:48:43,82
11:48:45,81
11:48:48,81
11:48:51,81
11:48:52,80
11:48:53,80
11:48:56,80
11:48:57,81
11:49:00,81
11:49:03,81
11:49:06,81
11:49:08,80
11:49:10,81
11:49:13,81
11:49:16,81
11:49:19,81
11:49:22,81
11:49:25,81
11:49:27,80
11:49:29,81
11:49:32,81
11:49:35,81
11:49:36,82
11:49:39,82
11:49:42,82
11:49:45,82
11:49:48,83
11:49:49,83
11:49:52,83
11:49:55,83
11:49:58,83
11:50:00,83
11:50:01,84
11:50:04,84
11:50:07,84
11:50:10,84
11:50:13,84
11:50:14,85
11:50:16,86
11:50:19,86
11:50:22,86
11:50:25,86
11:50:28,86
11:50:31,86
11:50:34,86
11:50:36,85
11:50:39,85
11:50:42,85
11:50:45,85
11:50:48,85
11:50:51,85
11:50:53,85
11:50:54,84
11:50:56,83
11:50:57,83
11:51:00,83
11:51:03,84
11:51:05,83
11:51:08,83
11:51:10,84
11:51:13,84
11:51:16,84
11:51:19,84
11:51:20,83
11:51:23,83
11:51:25,82
11:51:28,82
11:51:31,82
11:51:32,83
11:51:35,83
11:51:37,82
11:51:40,83
11:51:43,83
11:51:45,83
11:51:48,83
11:51:50,84
11:51:53,84
11:51:56,84
11:51:59,84
11:52:02,84
11:52:05,84
11:52:06,84
11:52:07,85
11:52:10,85
11:52:13,85
11:52:16,85
11:52:18,84
11:52:21,84
11:52:24,84
11:52:27,83
11:52:30,83
11:52:33,82
11:52:36,82
11:52:38,81
11:52:40,81
11:52:43,81
11:52:46,81
11:52:49,81
11:52:52,81
11:52:55,81
11:52:58,81
11:52:59,82
11:53:02,82
11:53:03,83
11:53:06,83
11:53:09,83
11:53:12,83
11:53:15,83
11:53:16,83
11:53:19,83
11:53:20,82
11:53:23,82
11:53:25,82
11:53:28,82
11:53:30,83
11:53:33,83
11:53:36,83
11:53:39,83
11:53:42,83
11:53:45,83
11:53:48,83
11:53:51,83
11:53:54,83
11:53:57,83
11:54:00,83
11:54:03,83
11:54:04,82
11:54:06,83
11:54:09,83
11:54:12,82
11:54:15,82
11:54:18,82
11:54:21,82
11:54:24,82
11:54:27,82
11:54:28,82
11:54:29,83
11:54:30,82
11:54:33,82
11:54:36,82
11:54:39,83
11:54:42,83
11:54:45,83
11:54:48,82
11:54:51,82
11:54:54,82
11:54:57,82
11:55:00,82
11:55:02,80
11:55:03,80
11:55:06,80
11:55:09,80
11:55:10,81
11:55:13,81
11:55:16,81
11:55:17,82
11:55:20,82
11:55:21,84
11:55:22,85
11:55:23,86
11:55:25,86
11:55:28,86
11:55:29,86
11:55:32,86
11:55:34,85
11:55:37,85
11:55:39,86
11:55:42,86
11:55:43,85
11:55:44,85
11:55:45,84
11:55:46,84
11:55:49,84
11:55:52,84
11:55:55,84
11:55:58,84
11:56:01,83
11:56:04,83
11:56:06,84
11:56:09,84
11:56:12,84
11:56:15,84
11:56:18,84
11:56:20,85
11:56:23,85
11:56:26,84
11:56:27,84
11:56:28,84
11:56:29,85
11:56:30,85
11:56:33,85
11:56:36,85
11:56:39,85
11:56:42,85
11:56:45,85
11:56:48,85
11:56:51,85
11:56:53,85
11:56:56,85
11:56:59,85
11:57:02,85
11:57:05,85
11:57:08,85
11:57:11,85
11:57:14,85
11:57:17,85
11:57:20,85
11:57:23,85
11:57:26,85
11:57:29,85
11:57:32,85
11:57:35,85
11:57:38,85
11:57:41,85
11:57:44,85
11:57:47,85
11:57:48,85
11:57:51,85
11:57:54,85
11:57:57,85
11:58:00,85
11:58:03,85
11:58:06,85
11:58:09,85
11:58:12,85
11:58:15,85
11:58:18,85
11:58:21,84
11:58:23,84
11:58:26,84
11:58:29,84
11:58:32,84
11:58:35,84
11:58:38,84
11:58:41,84
11:58:43,84
11:58:46,84
11:58:49,84
11:58:52,84
11:58:55,84
11:58:58,84
11:59:01,84
11:59:04,84
11:59:05,84
11:59:07,83
11:59:10,83
11:59:13,83
11:59:16,83
11:59:19,83
11:59:22,83
11:59:24,83
11:59:26,79
11:59:27,79
11:59:30,79
11:59:33,79
11:59:34,80
11:59:37,80
11:59:40,80
11:59:43,80
11:59:46,80
11:59:47,80
11:59:50,80
11:59:53,80
11:59:56,80
11:59:59,79
12:00:00,78
12:00:03,77
12:00:06,77
12:00:09,78
12:00:12,78
12:00:13,78
12:00:16,78
12:00:19,78
12:00:22,78
12:00:24,79
12:00:27,78
12:00:30,78
12:00:33,79
12:00:36,79
12:00:38,80
12:00:40,81
12:00:43,81
12:00:46,81
12:00:49,81
12:00:52,81
12:00:55,81
12:00:56,81
12:00:59,81
12:01:02,80
12:01:05,80
12:01:08,80
12:01:09,80
12:01:12,80
12:01:15,80
12:01:18,80
12:01:21,80
12:01:22,80
12:01:23,80
12:01:24,80
12:01:25,79
12:01:26,78
12:01:27,77
12:01:30,77
12:01:31,76
12:01:33,75
12:01:36,75
12:01:38,75
12:01:41,75
12:01:44,75
12:01:47,75
12:01:50,75
12:01:53,75
12:01:56,75
12:01:59,75
12:02:02,75
12:02:05,75
12:02:08,75
12:02:11,75
12:02:13,76
12:02:16,76
12:02:17,77
12:02:20,77
12:02:23,77
12:02:25,78
12:02:26,78
12:02:29,78
12:02:31,79
12:02:34,79
12:02:37,79
12:02:40,79
12:02:43,79
12:02:44,80
12:02:47,80
12:02:48,80
12:02:51,81
12:02:54,81
12:02:55,82
12:02:58,82
12:02:59,82
12:03:00,81
12:03:01,81
12:03:04,81
12:03:07,81
12:03:10,81
12:03:11,80
12:03:14,80
12:03:16,79
12:03:18,78
12:03:21,78
12:03:24,78
12:03:27,78
12:03:28,78
12:03:31,78
12:03:34,78
12:03:37,78
12:03:40,78
12:03:43,78
12:03:46,78
12:03:49,78
12:03:52,78
12:03:53,76
12:03:54,75
12:03:57,75
12:04:00,75
12:04:01,75
12:04:04,75
12:04:07,75
12:04:10,76
12:04:13,76
12:04:14,78
12:04:15,80
12:04:16,81
12:04:17,82
12:04:18,82
12:04:21,82
12:04:24,82
12:04:27,82
12:04:30,82
12:04:31,82
12:04:34,82
12:04:37,82
12:04:40,82
12:04:43,82
12:04:46,82
12:04:48,83
12:04:51,83
12:04:52,84
12:04:55,84
12:04:57,85
12:04:58,84
12:05:01,82
12:05:02,81
12:05:03,80
12:05:06,80
12:05:09,80
12:05:12,80
12:05:15,80
12:05:18,80
12:05:21,80
12:05:24,80
12:05:27,80
12:05:30,80
12:05:33,80
12:05:36,80
12:05:39,80
12:05:40,80
12:05:43,80
12:05:46,80
12:05:49,80
12:05:52,80
12:05:55,80
12:05:58,80
12:06:00,79
12:06:03,79
12:06:06,79
12:06:07,80
12:06:08,80
12:06:11,80
12:06:14,80
12:06:16,79
12:06:19,79
12:06:22,79
12:06:25,79
12:06:28,78
12:06:31,77
12:06:34,77
12:06:37,77
12:06:40,77
12:06:43,77
12:06:46,78
12:06:49,78
12:06:52,78
12:06:53,78
12:06:56,78
12:06:59,78
12:07:02,78
12:07:05,78
12:07:08,78
12:07:11,78
12:07:12,77
12:07:15,77
12:07:18,77
12:07:19,77
12:07:21,77
12:07:24,77
12:07:27,77
12:07:30,76
12:07:33,76
12:07:36,76
12:07:39,76
12:07:40,77
12:07:43,77
12:07:46,77
12:07:48,77
12:07:51,77
12:07:53,77
12:07:56,77
12:07:57,78
12:08:00,78
12:08:01,78
12:08:02,78
12:08:05,78
12:08:08,78
12:08:11,78
12:08:14,78
12:08:17,78
12:08:20,78
12:08:23,78
12:08:26,78
12:08:29,78
12:08:32,78
12:08:35,78
12:08:38,78
12:08:41,78
12:08:44,79
12:08:45,78
12:08:48,78
12:08:49,78
12:08:52,78
12:08:55,78
12:08:57,78
12:08:59,78
12:09:00,79
12:09:01,80
12:09:03,80
12:09:06,80
12:09:07,80
12:09:10,81
12:09:13,81
12:09:16,81
12:09:19,81
12:09:22,81
12:09:23,81
12:09:24,80
12:09:27,80
12:09:28,81
12:09:30,81
12:09:33,81
12:09:34,82
12:09:35,82
12:09:38,82
12:09:41,84
12:09:43,84
12:09:46,84
12:09:49,84
12:09:50,83
12:09:52,83
12:09:53,84
12:09:56,85
12:09:59,85
12:10:02,85
12:10:05,85
12:10:08,85
12:10:09,85
12:10:12,85
12:10:15,85
12:10:17,84
12:10:18,84
12:10:21,84
12:10:24,84
12:10:27,84
12:10:30,84
12:10:33,84
12:10:36,84
12:10:39,85
12:10:42,85
12:10:45,85
12:10:48,85
12:10:51,85
12:10:53,84
12:10:54,85
12:10:55,83
12:10:58,83
12:11:01,82
12:11:02,81
12:11:05,81
12:11:08,81
12:11:11,81
12:11:14,81
12:11:15,81
12:11:16,81
12:11:19,81
12:11:22,81
12:11:25,81
12:11:28,81
12:11:31,81
12:11:34,81
12:11:36,80
12:11:37,79
12:11:40,80
12:11:41,79
12:11:43,78
12:11:46,78
12:11:47,77
12:11:48,78
12:11:51,79
12:11:52,79
12:11:55,79
12:11:58,79
12:12:01,79
12:12:04,79
12:12:07,79
12:12:10,79
12:12:12,81
12:12:13,83
12:12:16,83
12:12:19,83
12:12:20,83
12:12:23,83
12:12:24,83
12:12:27,83
12:12:30,83
12:12:33,83
12:12:36,83
12:12:38,84
12:12:41,84
12:12:42,85
12:12:45,85
12:12:48,84
12:12:51,84
12:12:54,84
12:12:57,84
12:13:00,83
12:13:03,83
12:13:05,82
12:13:08,82
12:13:11,82
12:13:14,82
12:13:16,83
12:13:19,83
12:13:22,82
12:13:25,82
12:13:28,82
12:13:31,81
12:13:32,81
12:13:35,81
12:13:37,80
12:13:40,80
12:13:43,79
12:13:44,79
12:13:47,79
12:13:50,79
12:13:53,79
12:13:56,79
12:13:59,79
12:14:02,79
12:14:05,79
12:14:08,79
12:14:11,79
12:14:14,79
12:14:17,79
12:14:20,79
12:14:23,79
12:14:25,78
12:14:28,78
12:14:31,78
12:14:34,78
12:14:37,78
12:14:40,78
12:14:43,78
12:14:46,78
12:14:47,78
12:14:50,78
12:14:53,78
12:14:56,78
12:14:59,78
12:15:02,78
12:15:05,78
12:15:08,78
12:15:11,78
12:15:14,78
12:15:17,78
12:15:20,78
12:15:23,78
12:15:26,78
12:15:29,78
12:15:32,78
12:15:35,78
12:15:38,78
12:15:41,78
12:15:43,79
12:15:46,79
12:15:49,79
12:15:52,79
12:15:55,79
12:15:58,79
12:16:01,79
12:16:04,79
12:16:06,79
12:16:09,80
12:16:12,80
12:16:14,79
12:16:16,79
12:16:19,79
12:16:22,79
12:16:25,80
12:16:28,80
12:16:31,80
12:16:32,79
12:16:33,78
12:16:34,77
12:16:35,76
12:16:38,76
12:16:40,75
12:16:42,74
12:16:45,74
12:16:48,74
12:16:51,74
12:16:54,74
12:16:57,74
12:17:00,74
12:17:03,74
12:17:06,74
12:17:07,75
12:17:10,75
12:17:11,76
12:17:14,76
12:17:15,77
12:17:18,77
12:17:21,77
12:17:24,77
12:17:27,77
12:17:30,77
12:17:33,77
12:17:36,77
12:17:39,77
12:17:42,77
12:17:45,77
12:17:48,77
12:17:51,77
12:17:54,77
12:17:57,77
12:18:00,77
12:18:03,77
12:18:06,77
12:18:07,78
12:18:10,79
12:18:13,79
12:18:16,79
12:18:19,79
12:18:22,79
12:18:23,79
12:18:24,79
12:18:27,79
12:18:30,79
12:18:33,79
12:18:36,79
12:18:39,79
12:18:40,80
12:18:43,80
12:18:46,80
12:18:47,81
12:18:50,81
12:18:51,81
12:18:53,80
12:18:55,79
12:18:56,78
12:18:57,79
12:18:59,80
12:19:00,80
12:19:03,80
12:19:06,80
12:19:09,80
12:19:12,80
12:19:15,80
12:19:18,80
12:19:21,80
12:19:24,80
12:19:25,78
12:19:26,78
12:19:27,77
12:19:29,78
12:19:32,78
12:19:33,77
12:19:36,77
12:19:39,77
12:19:42,77
12:19:44,76
12:19:46,75
12:19:49,75
12:19:52,75
12:19:53,74
12:19:56,73
12:19:59,73
12:20:00,72
12:20:03,72
12:20:04,73
12:20:07,73
12:20:09,72
12:20:12,72
12:20:15,72
12:20:18,72
12:20:21,72
12:20:24,72
12:20:27,72
12:20:30,72
12:20:31,72
12:20:33,73
12:20:36,73
12:20:39,73
12:20:42,73
12:20:45,73
12:20:48,73
12:20:51,73
12:20:53,74
12:20:56,74
12:20:57,75
12:21:00,76
12:21:03,77
12:21:05,78
12:21:06,79
12:21:09,79
12:21:12,80
12:21:14,81
12:21:17,82
12:21:19,83
12:21:21,84
12:21:22,84
12:21:23,85
12:21:24,86
12:21:26,87
12:21:27,88
12:21:30,89
12:21:31,89
12:21:34,89
12:21:37,89
12:21:38,90
12:21:39,91
12:21:40,92
12:21:41,93
12:21:42,94
12:21:45,94
12:21:48,94
12:21:51,94
12:21:54,94
12:21:57,94
12:22:00,94
12:22:03,95
12:22:04,96
12:22:05,98
12:22:06,99
12:22:07,100
12:22:08,101
12:22:09,102
12:22:10,103
12:22:11,104
12:22:14,104
12:22:17,104
12:22:18,103
12:22:21,103
12:22:22,103
12:22:25,102
12:22:26,101
12:22:27,100
12:22:28,99
12:22:31,99
12:22:32,101
12:22:33,102
12:22:34,103
12:22:35,104
12:22:36,103
12:22:38,101
12:22:39,100
12:22:42,101
12:22:43,102
12:22:44,104
12:22:46,105
12:22:49,105
12:22:52,105
12:22:55,105
12:22:58,105
12:23:01,104
12:23:04,104
12:23:07,104
12:23:10,104
12:23:13,104
12:23:16,103
12:23:17,103
12:23:18,102
12:23:19,101
12:23:21,100
12:23:24,100
12:23:25,101
12:23:27,102
12:23:30,102
12:23:31,103
12:23:34,103
12:23:36,102
12:23:37,101
12:23:40,101
12:23:43,101
12:23:44,100
12:23:47,100
12:23:49,99
12:23:52,99
12:23:54,98
12:23:55,97
12:23:56,96
12:23:57,95
12:23:58,94
12:24:01,94
12:24:03,93
12:24:05,94
12:24:08,94
12:24:09,94
12:24:12,94
12:24:14,93
12:24:17,93
12:24:20,92
12:24:23,92
12:24:26,92
12:24:28,91
12:24:31,91
12:24:33,92
12:24:36,92
12:24:37,93
12:24:40,94
12:24:43,94
12:24:45,93
12:24:47,93
12:24:49,92
12:24:52,92
12:24:53,91
12:24:56,91
12:24:59,91
12:25:02,91
12:25:03,90
12:25:05,89
12:25:08,89
12:25:11,89
12:25:14,90
12:25:15,90
12:25:16,91
12:25:18,92
12:25:20,85
12:25:21,85
12:25:22,85
12:25:23,86
12:25:26,87
12:25:27,88
12:25:29,89
12:25:31,90
12:25:34,90
12:25:37,90
12:25:40,90
12:25:43,90
12:25:46,91
12:25:48,92
12:25:50,93
12:25:53,93
12:25:54,93
12:25:57,94
12:26:00,94
12:26:02,95
12:26:03,93
12:26:04,93
12:26:05,92
12:26:08,93
12:26:09,93
12:26:11,94
12:26:13,93
12:26:15,92
12:26:18,91
12:26:21,91
12:26:24,91
12:26:27,91
12:26:30,91
12:26:33,91
12:26:35,90
12:26:36,89
12:26:38,88
12:26:41,88
12:26:42,87
12:26:43,88
12:26:46,89
12:26:47,88
12:26:50,88
12:26:52,86
12:26:53,86
12:26:56,86
12:26:59,86
12:27:02,86
12:27:05,86
12:27:08,86
12:27:11,86
12:27:12,86
12:27:15,86
12:27:18,86
12:27:21,86
12:27:24,86
12:27:27,86
12:27:30,86
12:27:33,86
12:27:36,86
12:27:39,86
12:27:40,86
12:27:43,86
12:27:46,86
12:27:49,85
12:27:52,85
12:27:55,85
12:27:58,85
12:28:01,85
12:28:04,85
12:28:07,85
12:28:10,85
12:28:13,85
12:28:16,85
12:28:19,85
12:28:20,84
12:28:23,84
12:28:26,84
12:28:27,84
12:28:30,84
12:28:32,85
12:28:35,85
12:28:38,85
12:28:40,86
12:28:43,86
12:28:46,86
12:28:49,86
12:28:50,87
12:28:53,88
12:28:54,85
12:28:55,83
12:28:56,81
12:28:57,80
12:28:58,80
12:28:59,80
12:29:02,80
12:29:05,80
12:29:08,80
12:29:09,80
12:29:11,81
12:29:14,81
12:29:17,81
12:29:20,81
12:29:23,81
12:29:25,81
12:29:26,81
12:29:29,81
12:29:30,81
12:29:33,81
12:29:36,81
12:29:39,81
12:29:40,82
12:29:42,83
12:29:43,84
12:29:46,84
12:29:47,85
12:29:50,85
12:29:53,85
12:29:54,86
12:29:57,86
12:29:59,87
12:30:01,88
12:30:02,89
12:30:03,90
12:30:05,91
12:30:07,92
12:30:08,93
12:30:11,93
12:30:14,93
12:30:17,94
12:30:20,94
12:30:23,95
12:30:24,95
12:30:27,95
12:30:28,94
12:30:31,95
12:30:32,97
12:30:33,98
12:30:34,99
12:30:35,100
12:30:36,100
12:30:39,100
12:30:42,100
12:30:44,99
12:30:47,99
12:30:50,99
12:30:53,99
12:30:56,99
12:30:59,99
12:31:02,99
12:31:05,99
12:31:08,99
12:31:10,100
12:31:13,100
12:31:15,99
12:31:17,101
12:31:19,100
12:31:22,100
12:31:24,99
12:31:25,99
12:31:28,99
12:31:31,99
12:31:34,99
12:31:37,99
12:31:38,100
12:31:41,100
12:31:43,99
12:31:44,99
12:31:45,100
12:31:46,99
12:31:47,99
12:31:48,98
12:31:51,98
12:31:54,98
12:31:57,98
12:31:58,97
12:31:59,96
12:32:02,95
12:32:05,95
12:32:08,95
12:32:09,94
12:32:10,93
12:32:12,92
12:32:13,91
12:32:16,91
12:32:18,90
12:32:19,90
12:32:22,90
12:32:23,89
12:32:26,88
12:32:28,87
12:32:30,86
12:32:33,86
12:32:36,86
12:32:38,87
12:32:40,86
12:32:43,86
12:32:46,86
12:32:49,86
12:32:52,85
12:32:55,85
12:32:56,85
12:32:57,84
12:33:00,84
12:33:02,83
12:33:05,83
12:33:08,83
12:33:11,83
12:33:14,83
12:33:17,83
12:33:20,83
12:33:22,84
12:33:25,84
12:33:26,84
12:33:29,84
12:33:32,84
12:33:35,84
12:33:38,83
12:33:39,83
12:33:42,83
12:33:43,82
12:33:46,82
12:33:49,82
12:33:52,82
12:33:55,82
12:33:58,82
12:34:01,82
12:34:04,82
12:34:06,81
12:34:09,81
12:34:12,81
12:34:15,81
12:34:16,81
12:34:19,81
12:34:22,81
12:34:25,81
12:34:28,81
12:34:31,81
12:34:34,81
12:34:35,82
12:34:36,82
12:34:39,82
12:34:40,83
12:34:43,84
12:34:46,84
12:34:47,84
12:34:48,85
12:34:51,86
12:34:53,87
12:34:56,87
12:34:58,88
12:35:01,89
12:35:04,90
12:35:07,91
12:35:10,91
12:35:12,90
12:35:15,90
12:35:18,90
12:35:21,90
12:35:24,90
12:35:27,90
12:35:30,90
12:35:32,89
12:35:35,88
12:35:38,88
12:35:41,88
12:35:44,88
12:35:45,88
12:35:48,87
12:35:51,88
12:35:54,88
12:35:55,87
12:35:58,87
12:36:01,87
12:36:04,87
12:36:07,87
12:36:10,88
12:36:12,89
12:36:14,90
12:36:17,90
12:36:20,91
12:36:22,91
12:36:25,91
12:36:28,91
12:36:30,90
12:36:33,90
12:36:36,89
12:36:39,89
12:36:42,89
12:36:45,89
12:36:48,88
12:36:50,87
12:36:51,86
12:36:54,86
12:36:55,86
12:36:58,85
12:37:01,85
12:37:03,86
12:37:04,85
12:37:07,85
12:37:09,86
12:37:10,87
12:37:11,88
12:37:14,89
12:37:17,89
12:37:20,90
12:37:23,90
12:37:26,90
12:37:29,90
12:37:32,90
12:37:35,90
12:37:38,90
12:37:41,90
12:37:44,90
12:37:47,90
12:37:50,90
12:37:52,89
12:37:55,89
12:37:58,89
12:38:01,89
12:38:03,88
12:38:04,88
12:38:07,88
12:38:09,87
12:38:12,86
12:38:15,86
12:38:16,85
12:38:19,85
12:38:22,85
12:38:23,86
12:38:26,86
12:38:27,85
12:38:29,81
12:38:30,80
12:38:31,79
12:38:33,78
12:38:34,77
12:38:36,77
12:38:37,78
12:38:38,79
12:38:39,80
12:38:42,80
12:38:44,80
12:38:47,80
12:38:50,80
12:38:53,80
12:38:56,80
12:38:59,80
12:39:00,80
12:39:03,80
12:39:06,80
12:39:09,80
12:39:12,80
12:39:14,79
12:39:17,79
12:39:18,78
12:39:21,78
12:39:24,78
12:39:27,78
12:39:30,78
12:39:33,78
12:39:36,78
12:39:39,78
12:39:42,78
12:39:45,78
12:39:47,77
12:39:50,77
12:39:52,79
12:39:53,79
12:39:56,79
12:39:59,78
12:40:00,77
12:40:02,76
12:40:03,76
12:40:06,76
12:40:07,76
12:40:10,76
12:40:11,75
12:40:14,75
12:40:17,74
12:40:20,75
12:40:21,75
12:40:24,75
12:40:27,75
12:40:30,75
12:40:33,75
12:40:36,75
12:40:39,75
12:40:42,76
12:40:45,76
12:40:48,76
12:40:51,76
12:40:53,77
12:40:56,77
12:40:59,77
12:41:02,77
12:41:05,77
12:41:08,77
12:41:11,77
12:41:13,77
12:41:16,77
12:41:19,77
12:41:20,77
12:41:23,77
12:41:26,77
12:41:27,77
12:41:30,76
12:41:32,76
12:41:35,76
12:41:38,77
12:41:41,77
12:41:44,77
12:41:47,77
12:41:50,78
12:41:53,78
12:41:54,79
12:41:57,79
12:42:00,79
12:42:03,79
12:42:04,80
12:42:06,81
12:42:07,82
12:42:10,82
12:42:11,83
12:42:12,83
12:42:15,84
12:42:18,84
12:42:21,84
12:42:24,84
12:42:25,84
12:42:28,84
12:42:31,84
12:42:32,85
12:42:34,86
12:42:37,87
12:42:39,88
12:42:42,88
12:42:45,88
12:42:46,87
12:42:49,87
12:42:52,88
12:42:53,89
12:42:54,88
12:42:57,88
12:42:59,87
12:43:02,87
12:43:05,87
12:43:08,87
12:43:11,87
12:43:14,87
12:43:17,87
12:43:18,86
12:43:20,85
12:43:23,85
12:43:24,85
12:43:25,83
12:43:26,83
12:43:27,82
12:43:29,82
12:43:30,82
12:43:33,82
12:43:36,82
12:43:39,82
12:43:42,82
12:43:45,82
12:43:48,82
12:43:51,82
12:43:54,82
12:43:57,82
12:44:00,82
12:44:03,82
12:44:06,82
12:44:09,83
12:44:12,83
12:44:15,83
12:44:18,83
12:44:19,84
12:44:22,84
12:44:25,84
12:44:28,84
12:44:31,84
12:44:34,84
12:44:37,84
12:44:38,84
12:44:41,84
12:44:44,84
12:44:47,83
12:44:49,84
12:44:52,84
12:44:55,84
12:44:58,84
12:45:01,84
12:45:04,84
12:45:07,84
12:45:10,84
12:45:12,85
12:45:15,85
12:45:18,85
12:45:21,84
12:45:22,85
12:45:25,85
12:45:28,85
12:45:31,85
12:45:34,85
12:45:37,85
12:45:40,85
12:45:43,85
12:45:46,85
12:45:49,86
12:45:52,87
12:45:53,87
12:45:55,88
12:45:58,89
12:46:01,89
12:46:02,88
12:46:05,88
12:46:08,88
12:46:11,88
12:46:14,88
12:46:17,88
12:46:20,88
12:46:23,88
12:46:26,88
12:46:29,88
12:46:32,88
12:46:35,88
12:46:38,88
12:46:41,88
12:46:44,88
12:46:47,88
12:46:50,88
12:46:53,88
12:46:56,88
12:46:59,88
12:47:02,88
12:47:05,88
12:47:08,88
12:47:09,88
12:47:12,88
12:47:15,88
12:47:18,88
12:47:21,88
12:47:24,88
12:47:27,88
12:47:30,88
12:47:33,88
12:47:36,88
12:47:39,88
12:47:42,88
12:47:45,88
12:47:48,88
12:47:51,88
12:47:52,88
12:47:54,88
12:47:55,88
12:47:58,88
12:48:01,88
12:48:04,88
12:48:07,89
12:48:09,88
12:48:12,88
12:48:15,88
12:48:18,87
12:48:21,87
12:48:22,87
12:48:25,87
12:48:28,87
12:48:31,87
12:48:34,87
12:48:37,87
12:48:40,87
12:48:41,88
12:48:43,89
12:48:46,89
12:48:48,88
12:48:51,88
12:48:52,89
12:48:55,90
12:48:58,90
12:49:01,90
12:49:04,90
12:49:07,90
12:49:10,90
12:49:11,90
12:49:14,90
12:49:17,90
12:49:20,90
12:49:23,90
12:49:26,90
12:49:29,90
12:49:32,90
12:49:33,90
12:49:36,90
12:49:39,90
12:49:42,90
12:49:45,90
12:49:48,90
12:49:51,90
12:49:52,90
12:49:55,90
12:49:58,90
12:50:01,90
12:50:04,90
12:50:07,90
12:50:10,90
12:50:13,90
12:50:16,90
12:50:17,90
12:50:20,90
12:50:21,91
12:50:24,91
12:50:27,91
12:50:28,91
12:50:31,91
12:50:34,91
12:50:36,91
12:50:39,92
12:50:41,93
12:50:42,93
12:50:45,93
12:50:48,93
12:50:51,92
12:50:54,92
12:50:57,93
12:51:00,93
12:51:01,93
12:51:03,93
12:51:04,92
12:51:07,92
12:51:10,92
12:51:13,92
12:51:16,92
12:51:18,91
12:51:20,90
12:51:21,89
12:51:22,88
12:51:25,88
12:51:28,88
12:51:31,88
12:51:34,88
12:51:37,88
12:51:40,88
12:51:43,88
12:51:46,88
12:51:49,88
12:51:50,88
12:51:53,88
12:51:56,88
12:51:59,88
12:52:02,88
12:52:05,88
12:52:08,88
12:52:11,89
12:52:14,89
12:52:17,89
12:52:18,88
12:52:19,88
12:52:22,88
12:52:23,87
12:52:26,87
12:52:29,87
12:52:32,87
12:52:35,88
12:52:36,87
12:52:37,87
12:52:40,87
12:52:43,87
12:52:46,87
12:52:49,87
12:52:50,88
12:52:52,89
12:52:53,90
12:52:54,90
12:52:57,90
12:53:00,90
12:53:03,90
12:53:06,90
12:53:09,90
12:53:12,90
12:53:13,89
12:53:16,89
12:53:19,89
12:53:22,89
12:53:23,88
12:53:26,87
12:53:29,87
12:53:32,87
12:53:35,87
12:53:38,87
12:53:41,87
12:53:42,86
12:53:44,85
12:53:47,85
12:53:48,84
12:53:50,83
12:53:52,83
12:53:55,83
12:53:58,83
12:54:01,83
12:54:02,82
12:54:05,82
12:54:08,82
12:54:11,82
12:54:12,81
12:54:14,82
12:54:17,82
12:54:20,82
12:54:22,84
12:54:23,85
12:54:26,85
12:54:29,85
12:54:31,84
12:54:34,84
12:54:37,84
12:54:40,84
12:54:43,84
12:54:46,84
12:54:47,85
12:54:50,84
12:54:51,85
12:54:54,85
12:54:57,84
12:55:00,85
12:55:03,86
12:55:06,87
12:55:09,87
12:55:10,87
12:55:13,87
12:55:16,87
12:55:19,87
12:55:22,87
12:55:24,88
12:55:25,89
12:55:26,90
12:55:29,91
12:55:32,91
12:55:35,91
12:55:38,91
12:55:41,91
12:55:44,91
12:55:47,91
12:55:50,91
12:55:53,91
12:55:56,91
12:55:58,91
12:56:01,91
12:56:04,91
12:56:07,91
12:56:10,91
12:56:13,90
12:56:16,89
12:56:17,88
12:56:19,88
12:56:20,88
12:56:23,88
12:56:26,88
12:56:27,88
12:56:29,89
12:56:32,88
12:56:35,88
12:56:36,88
12:56:37,88
12:56:40,89
12:56:43,89
12:56:46,89
12:56:48,90
12:56:51,91
12:56:53,92
12:56:56,92
12:56:59,92
12:57:02,92
12:57:05,92
12:57:08,92
12:57:11,92
12:57:14,92
12:57:17,92
12:57:20,92
12:57:23,92
12:57:26,92
12:57:29,92
12:57:30,92
12:57:33,92
12:57:35,93
12:57:38,93
12:57:41,93
12:57:44,93
12:57:47,93
12:57:50,93
12:57:53,93
12:57:56,93
12:57:59,93
12:58:02,93
12:58:05,93
12:58:08,93
12:58:11,93
12:58:14,93
12:58:16,94
12:58:19,94
12:58:21,95
12:58:24,95
12:58:27,95
12:58:30,94
12:58:33,94
12:58:36,94
12:58:39,94
12:58:42,94
12:58:45,94
12:58:46,94
12:58:49,93
12:58:51,92
12:58:53,91
12:58:56,91
12:58:58,92
12:58:59,93
12:59:01,94
12:59:03,95
12:59:06,95
12:59:09,95
12:59:10,94
12:59:13,94
12:59:16,94
12:59:19,94
12:59:22,94
12:59:25,94
12:59:28,93
12:59:31,93
12:59:32,94
12:59:35,94
12:59:36,95
12:59:39,95
12:59:42,95
12:59:45,95
12:59:48,95
12:59:51,95
12:59:52,95
12:59:55,95
12:59:58,95
13:00:00,94
13:00:03,94
13:00:06,94
13:00:08,93
13:00:09,92
13:00:12,92
13:00:15,92
13:00:18,92
13:00:21,92
13:00:24,92
13:00:27,92
13:00:30,92
13:00:33,92
13:00:36,92
13:00:39,92
13:00:42,92
13:00:45,92
13:00:48,92
13:00:51,92
13:00:54,92
13:00:57,92
13:01:00,92
13:01:03,92
13:01:06,92
13:01:07,92
13:01:10,92
13:01:13,92
13:01:16,92
13:01:19,92
13:01:21,93
13:01:24,93
13:01:27,93
13:01:30,93
13:01:33,93
13:01:36,93
13:01:39,93
13:01:40,93
13:01:43,93
13:01:46,93
13:01:49,93
13:01:50,93
13:01:53,93
13:01:56,93
13:01:59,93
13:02:02,92
13:02:05,92
13:02:07,91
13:02:10,91
13:02:13,91
13:02:16,91
13:02:19,91
13:02:20,91
13:02:23,91
13:02:26,91
13:02:29,91
13:02:30,92
13:02:33,92
13:02:36,92
13:02:39,92
13:02:41,91
13:02:44,90
13:02:45,87
13:02:46,86
13:02:48,85
13:02:50,85
13:02:53,85
13:02:56,85
13:02:59,85
13:03:00,85
13:03:03,85
13:03:06,85
13:03:09,85
13:03:12,85
13:03:15,85
13:03:18,85
13:03:21,85
13:03:22,86
13:03:25,86
13:03:26,86
13:03:29,86
13:03:32,86
13:03:35,86
13:03:38,86
13:03:41,86
13:03:44,86
13:03:47,86
13:03:50,86
13:03:53,86
13:03:56,86
13:03:59,86
13:04:02,86
13:04:04,85
13:04:07,85
13:04:09,86
13:04:11,87
13:04:13,88
13:04:15,88
13:04:18,88
13:04:21,88
13:04:24,89
13:04:26,90
13:04:29,90
13:04:32,90
13:04:35,90
13:04:38,90
13:04:39,90
13:04:42,90
13:04:45,90
13:04:48,90
13:04:51,90
13:04:54,90
13:04:57,90
13:05:00,90
13:05:03,90
13:05:06,90
13:05:09,90
13:05:12,90
13:05:15,90
13:05:18,90
13:05:21,90
13:05:24,90
13:05:27,90
13:05:30,90
13:05:33,90
13:05:34,90
13:05:35,90
13:05:38,90
13:05:41,90
13:05:44,90
13:05:47,90
13:05:49,91
13:05:52,92
13:05:53,93
13:05:56,93
13:05:59,93
13:06:02,93
13:06:05,93
13:06:07,92
13:06:10,92
13:06:11,92
13:06:14,92
13:06:17,92
13:06:20,92
13:06:23,92
13:06:26,92
13:06:29,92
13:06:32,92
13:06:35,92
13:06:38,92
13:06:41,92
13:06:44,92
13:06:47,92
13:06:50,92
13:06:53,92
13:06:56,92
13:06:59,92
13:07:02,92
13:07:05,92
13:07:08,92
13:07:09,92
13:07:10,92
13:07:13,92
13:07:16,92
13:07:19,92
13:07:22,92
13:07:25,92
13:07:28,92
13:07:31,92
13:07:34,92
13:07:37,92
13:07:40,92
13:07:43,92
13:07:46,92
13:07:49,92
13:07:50,92
13:07:53,92
13:07:56,92
13:07:59,92
13:08:02,92
13:08:03,91
13:08:04,90
13:08:07,90
13:08:10,90
13:08:13,90
13:08:16,90
13:08:19,90
13:08:20,90
13:08:23,90
13:08:26,90
13:08:29,90
13:08:30,90
13:08:32,90
13:08:33,90
13:08:34,90
13:08:37,90
13:08:38,91
13:08:40,92
13:08:41,93
13:08:42,94
13:08:45,94
13:08:48,94
13:08:51,94
13:08:54,94
13:08:57,94
13:09:00,94
13:09:03,94
13:09:06,94
13:09:09,94
13:09:12,94
13:09:15,94
13:09:18,94
13:09:21,94
13:09:24,94
13:09:25,94
13:09:27,94
13:09:28,94
13:09:30,94
13:09:31,94
13:09:34,94
13:09:37,94
13:09:40,94
13:09:43,94
13:09:46,94
13:09:47,93
13:09:50,93
13:09:53,93
13:09:56,93
13:09:59,93
13:10:02,93
13:10:05,93
13:10:07,92
13:10:10,92
13:10:13,92
13:10:16,92
13:10:19,91
13:10:20,90
13:10:21,89
13:10:22,88
13:10:25,88
13:10:26,87
13:10:27,86
13:10:28,85
13:10:29,84
13:10:32,84
13:10:34,84
13:10:37,85
13:10:38,84
13:10:41,84
13:10:44,84
13:10:47,84
13:10:50,84
13:10:53,84
13:10:56,84
13:10:59,84
13:11:02,84
13:11:04,85
13:11:06,86
13:11:09,86
13:11:11,87
13:11:14,87
13:11:16,88
13:11:19,88
13:11:22,88
13:11:25,88
13:11:28,88
13:11:31,88
13:11:33,87
13:11:34,87
13:11:35,88
13:11:37,89
13:11:40,89
13:11:43,89
13:11:46,89
13:11:48,89
13:11:50,88
13:11:53,88
13:11:56,88
13:11:59,88
13:12:02,88
13:12:04,88
13:12:07,87
13:12:09,87
13:12:10,86
13:12:11,87
13:12:12,87
13:12:15,86
13:12:18,86
13:12:21,86
13:12:23,85
13:12:24,85
13:12:26,85
13:12:29,85
13:12:32,85
13:12:35,85
13:12:36,85
13:12:39,85
13:12:42,85
13:12:45,85
13:12:48,85
13:12:51,85
13:12:54,85
13:12:57,85
13:13:00,85
13:13:03,85
13:13:06,85
13:13:09,85
13:13:12,86
13:13:15,86
13:13:18,86
13:13:21,86
13:13:22,87
13:13:25,87
13:13:28,87
13:13:31,87
13:13:34,87
13:13:37,87
13:13:40,87
13:13:43,87
13:13:46,88
13:13:49,88
13:13:52,88
13:13:53,89
13:13:56,89
13:13:57,90
13:14:00,90
13:14:03,90
13:14:06,90
13:14:07,89
13:14:10,90
13:14:13,90
13:14:16,90
13:14:17,89
13:14:20,89
13:14:23,89
13:14:26,89
13:14:29,89
13:14:32,89
13:14:35,89
13:14:36,90
13:14:37,90
13:14:40,90
13:14:43,90
13:14:46,90
13:14:49,90
13:14:50,89
13:14:52,90
13:14:55,90
13:14:58,90
13:14:59,91
13:15:01,92
13:15:02,93
13:15:05,93
13:15:08,93
13:15:11,93
13:15:13,94
13:15:15,95
13:15:18,95
13:15:21,95
13:15:24,95
13:15:27,95
13:15:30,95
13:15:33,95
13:15:36,95
13:15:39,95
13:15:42,95
13:15:45,95
13:15:48,95
13:15:51,95
13:15:53,96
13:15:54,96
13:15:55,97
13:15:56,98
13:15:59,99
13:16:01,98
13:16:02,99
13:16:03,99
13:16:06,100
13:16:09,100
13:16:12,100
13:16:15,100
13:16:18,100
13:16:21,100
13:16:24,100
13:16:27,100
13:16:30,100
13:16:33,100
13:16:35,101
13:16:38,101
13:16:40,101
13:16:41,102
13:16:44,102
13:16:47,102
13:16:50,102
13:16:53,102
13:16:56,102
13:16:59,102
13:17:02,102
13:17:05,102
13:17:08,102
13:17:11,103
13:17:14,103
13:17:17,103
13:17:18,103
13:17:21,103
13:17:24,103
13:17:27,103
13:17:30,103
13:17:33,103
13:17:36,103
13:17:39,103
13:17:40,103
13:17:42,104
13:17:45,104
13:17:48,104
13:17:51,104
13:17:54,104
13:17:55,103
13:17:58,102
13:18:00,103
13:18:03,104
13:18:06,104
13:18:09,104
13:18:12,104
13:18:15,104
13:18:18,104
13:18:21,104
13:18:22,104
13:18:25,104
13:18:28,104
13:18:29,104
13:18:32,104
13:18:35,104
13:18:38,104
13:18:41,104
13:18:44,104
13:18:47,104
13:18:50,104
13:18:51,103
13:18:54,103
13:18:57,103
13:19:00,103
13:19:03,103
13:19:06,103
13:19:09,103
13:19:11,104
13:19:14,104
13:19:17,104
13:19:19,105
13:19:20,106
13:19:21,107
13:19:22,108
13:19:25,108
13:19:28,108
13:19:31,108
13:19:34,108
13:19:37,108
13:19:38,108
13:19:39,107
13:19:42,107
13:19:45,107
13:19:48,107
13:19:50,106
13:19:51,105
13:19:52,104
13:19:53,103
13:19:56,103
13:19:59,103
13:20:00,102
13:20:01,101
13:20:02,100
13:20:05,100
13:20:08,100
13:20:09,101
13:20:12,101
13:20:13,102
13:20:16,102
13:20:19,102
13:20:22,102
13:20:23,103
13:20:24,104
13:20:26,105
13:20:29,105
13:20:32,105
13:20:33,105
13:20:36,105
13:20:39,105
13:20:42,105
13:20:45,105
13:20:48,105
13:20:51,105
13:20:52,105
13:20:55,105
13:20:58,105
13:20:59,105
13:21:02,105
13:21:05,105
13:21:06,105
13:21:09,105
13:21:12,105
13:21:15,105
13:21:18,105
13:21:21,105
13:21:24,105
13:21:25,104
13:21:26,103
13:21:29,103
13:21:31,102
13:21:32,101
13:21:33,100
13:21:34,100
13:21:35,100
13:21:37,100
13:21:38,99
13:21:39,100
13:21:41,99
13:21:42,98
13:21:45,98
13:21:48,98
13:21:51,98
13:21:54,98
13:21:57,98
13:21:59,99
13:22:02,99
13:22:04,100
13:22:07,100
13:22:10,100
13:22:11,101
13:22:14,101
13:22:17,101
13:22:20,101
13:22:23,101
13:22:26,101
13:22:29,101
13:22:32,101
13:22:35,101
13:22:38,101
13:22:41,101
13:22:42,101
13:22:45,100
13:22:46,95
13:22:47,92
13:22:48,91
13:22:49,90
13:22:51,89
13:22:54,88
13:22:57,88
13:22:58,88
13:23:01,88
13:23:04,88
13:23:07,88
13:23:10,88
13:23:13,88
13:23:16,88
13:23:19,88
13:23:22,88
13:23:25,88
13:23:27,88
13:23:28,88
13:23:30,89
13:23:32,88
13:23:35,89
13:23:38,89
13:23:41,89
13:23:44,90
13:23:45,90
13:23:48,90
13:23:51,90
13:23:53,90
13:23:56,90
13:23:58,89
13:24:01,89
13:24:04,89
13:24:07,89
13:24:10,89
13:24:13,89
13:24:15,90
13:24:18,90
13:24:20,89
13:24:23,89
13:24:26,89
13:24:27,88
13:24:29,88
13:24:30,89
13:24:31,89
13:24:32,89
13:24:33,89
13:24:36,89
13:24:39,89
13:24:42,89
13:24:45,89
13:24:47,89
13:24:48,89
13:24:51,89
13:24:54,89
13:24:57,89
13:25:00,89
13:25:03,89
13:25:06,89
13:25:08,90
13:25:09,90
13:25:12,91
13:25:13,91
13:25:16,91
13:25:19,91
13:25:22,91
13:25:25,91
13:25:28,91
13:25:31,91
13:25:32,90
13:25:35,90
13:25:38,90
13:25:41,90
13:25:44,90
13:25:46,89
13:25:48,85
13:25:49,85
13:25:50,83
13:25:52,83
13:25:53,83
13:25:56,83
13:25:57,82
13:25:58,82
13:25:59,82
13:26:00,83
13:26:03,83
13:26:06,83
13:26:07,83
13:26:10,83
13:26:13,83
13:26:16,83
13:26:18,84
13:26:20,84
13:26:23,84
13:26:26,84
13:26:29,85
13:26:32,85
13:26:33,84
13:26:36,84
13:26:37,84
13:26:40,84
13:26:43,84
13:26:46,84
13:26:49,84
13:26:52,84
13:26:54,85
13:26:55,85
13:26:58,85
13:27:00,85
13:27:03,85
13:27:06,85
13:27:09,85
13:27:12,85
13:27:15,85
13:27:18,85
13:27:21,85
13:27:24,85
13:27:27,85
13:27:30,85
13:27:33,85
13:27:34,86
13:27:37,85
13:27:40,85
13:27:43,85
13:27:46,85
13:27:49,85
13:27:52,85
13:27:54,85
13:27:57,85
13:28:00,85
13:28:03,85
13:28:06,85
13:28:07,84
13:28:08,84
13:28:10,85
13:28:13,85
13:28:16,85
13:28:19,85
13:28:22,85
13:28:25,85
13:28:28,85
13:28:31,85
13:28:34,85
13:28:37,85
13:28:40,85
13:28:42,84
13:28:43,84
13:28:46,84
13:28:49,84
13:28:50,85
13:28:53,85
13:28:56,85
13:28:58,84
13:29:01,84
13:29:04,84
13:29:07,84
13:29:10,84
13:29:13,84
13:29:16,84
13:29:19,84
13:29:20,84
13:29:23,84
13:29:25,84
13:29:26,84
13:29:29,84
13:29:32,82
13:29:33,81
13:29:34,81
13:29:37,81
13:29:38,82
13:29:40,81
13:29:43,81
13:29:46,81
13:29:49,81
13:29:52,81
13:29:55,81
13:29:58,81
13:30:01,81
13:30:04,81
13:30:07,81
13:30:10,82
13:30:12,83
13:30:15,83
13:30:16,84
13:30:17,85
13:30:18,85
13:30:21,85
13:30:22,85
13:30:25,85
13:30:28,85
13:30:31,85
13:30:34,85
13:30:37,85
13:30:40,85
13:30:43,85
13:30:46,85
13:30:49,85
13:30:52,85
13:30:55,85
13:30:58,85
13:31:00,85
13:31:03,85
13:31:06,85
13:31:09,85
13:31:12,85
13:31:15,85
13:31:18,85
13:31:21,85
13:31:24,85
13:31:27,85
13:31:30,85
13:31:33,85
13:31:36,85
13:31:39,85
13:31:40,85
13:31:43,85
13:31:46,85
13:31:49,85
13:31:52,85
13:31:55,85
13:31:58,85
13:32:01,85
13:32:04,85
13:32:05,86
13:32:08,86
13:32:09,87
13:32:11,87
13:32:14,87
13:32:17,87
13:32:20,87
13:32:23,87
13:32:26,87
13:32:29,87
13:32:32,86
13:32:35,86
13:32:36,87
13:32:39,87
13:32:42,87
13:32:45,87
13:32:48,87
13:32:51,87
13:32:53,87
13:32:56,87
13:32:59,87
13:33:02,87
13:33:05,87
13:33:08,87
13:33:09,87
13:33:12,88
13:33:13,89
13:33:14,89
13:33:17,89
13:33:20,89
13:33:23,89
13:33:25,92
13:33:26,92
13:33:29,92
13:33:32,91
13:33:35,90
13:33:38,90
13:33:41,90
13:33:44,90
13:33:47,90
13:33:50,90
13:33:53,90
13:33:56,90
13:33:59,90
13:34:02,90
13:34:03,90
13:34:05,89
13:34:06,90
13:34:09,90
13:34:12,90
13:34:15,90
13:34:18,90
13:34:21,90
13:34:24,90
13:34:27,90
13:34:30,90
13:34:33,90
13:34:36,90
13:34:39,90
13:34:42,90
13:34:45,90
13:34:48,90
13:34:51,90
13:34:54,90
13:34:57,90
13:34:58,89
13:35:01,89
13:35:04,89
13:35:07,89
13:35:10,89
13:35:11,88
13:35:12,87
13:35:13,87
13:35:16,87
13:35:19,87
13:35:22,87
13:35:24,87
13:35:25,84
13:35:27,83
13:35:30,83
13:35:32,83
13:35:35,83
13:35:38,83
13:35:41,83
13:35:44,83
13:35:47,83
13:35:50,83
13:35:53,83
13:35:56,83
13:35:59,83
13:36:02,83
13:36:05,83
13:36:08,83
13:36:11,83
13:36:14,83
13:36:17,83
13:36:20,83
13:36:22,83
13:36:25,83
13:36:26,83
13:36:29,83
13:36:32,83
13:36:35,83
13:36:38,83
13:36:41,83
13:36:44,83
13:36:47,83
13:36:48,82
13:36:51,82
13:36:54,83
13:36:57,83
13:37:00,83
13:37:03,83
13:37:06,83
13:37:09,83
13:37:12,84
13:37:15,84
13:37:18,84
13:37:20,84
13:37:23,84
13:37:26,84
13:37:27,84
13:37:30,84
13:37:33,84
13:37:36,84
13:37:38,85
13:37:39,85
13:37:42,85
13:37:45,85
13:37:47,86
13:37:50,86
13:37:53,86
13:37:56,86
13:37:58,87
13:38:00,87
13:38:01,87
13:38:04,87
13:38:07,87
13:38:10,87
13:38:13,87
13:38:16,87
13:38:19,87
13:38:22,87
13:38:25,87
13:38:28,87
13:38:31,87
13:38:33,87
13:38:34,87
13:38:37,84
13:38:38,83
13:38:39,83
13:38:42,83
13:38:45,83
13:38:46,83
13:38:49,83
13:38:52,83
13:38:55,83
13:38:58,83
13:39:00,83
13:39:01,83
13:39:04,83
13:39:06,83
13:39:09,83
13:39:12,84
13:39:15,83
13:39:16,84
13:39:18,84
13:39:21,84
13:39:24,84
13:39:27,84
13:39:30,84
13:39:33,84
13:39:36,84
13:39:37,84
13:39:40,84
13:39:43,84
13:39:46,84
13:39:49,84
13:39:52,84
13:39:55,84
13:39:56,85
13:39:59,86
13:40:02,86
13:40:05,87
13:40:08,87
13:40:11,87
13:40:14,87
13:40:17,87
13:40:19,87
13:40:22,87
13:40:25,87
13:40:28,87
13:40:31,87
13:40:34,88
13:40:37,88
13:40:38,89
13:40:41,89
13:40:44,89
13:40:47,89
13:40:50,88
13:40:51,87
13:40:54,87
13:40:57,86
13:41:00,86
13:41:03,87
13:41:06,87
13:41:09,87
13:41:10,86
13:41:13,86
13:41:16,86
13:41:19,86
13:41:21,87
13:41:22,87
13:41:25,87
13:41:26,88
13:41:29,88
13:41:30,88
13:41:31,87
13:41:33,87
13:41:36,87
13:41:39,87
13:41:42,87
13:41:45,87
13:41:47,88
13:41:50,88
13:41:53,88
13:41:56,87
13:41:59,87
13:42:01,86
13:42:04,86
13:42:07,86
13:42:10,86
13:42:13,86
13:42:16,86
13:42:17,86
13:42:20,86
13:42:23,86
13:42:26,86
13:42:27,87
13:42:30,87
13:42:33,87
13:42:36,87
13:42:38,88
13:42:41,88
13:42:42,90
13:42:44,91
13:42:46,92
13:42:49,92
13:42:52,93
13:42:55,93
13:42:58,92
13:43:01,92
13:43:04,91
13:43:07,90
13:43:08,89
13:43:09,89
13:43:12,89
13:43:15,90
13:43:18,90
13:43:21,90
13:43:24,90
13:43:25,90
13:43:28,90
13:43:29,91
13:43:32,91
13:43:35,91
13:43:38,91
13:43:41,91
13:43:43,91
13:43:46,92
13:43:47,92
13:43:50,92
13:43:53,92
13:43:55,91
13:43:56,89
13:43:58,88
13:43:59,89
13:44:02,89
13:44:05,89
13:44:08,89
13:44:11,89
13:44:14,89
13:44:17,89
13:44:20,88
13:44:23,88
13:44:26,88
13:44:27,88
13:44:30,88
13:44:31,88
13:44:34,88
13:44:37,89
13:44:40,89
13:44:43,89
13:44:46,89
13:44:49,89
13:44:52,89
13:44:55,89
13:44:58,89
13:45:01,89
13:45:04,89
13:45:07,89
13:45:10,89
13:45:13,89
13:45:16,89
13:45:19,88
13:45:22,88
13:45:23,88
13:45:24,88
13:45:27,88
13:45:28,88
13:45:30,86
13:45:31,86
13:45:34,86
13:45:37,86
13:45:39,87
13:45:40,87
13:45:43,89
13:45:44,90
13:45:45,91
13:45:46,92
13:45:47,93
13:45:49,94
13:45:52,93
13:45:54,93
13:45:57,93
13:46:00,93
13:46:03,93
13:46:06,93
13:46:09,93
13:46:12,93
13:46:15,93
13:46:18,93
13:46:21,93
13:46:24,93
13:46:27,94
13:46:30,94
13:46:33,94
13:46:36,94
13:46:38,93
13:46:41,93
13:46:43,92
13:46:46,92
13:46:47,92
13:46:50,92
13:46:53,92
13:46:55,91
13:46:58,91
13:47:01,92
13:47:04,92
13:47:07,91
13:47:10,91
13:47:13,91
13:47:16,91
13:47:17,90
13:47:20,90
13:47:21,89
13:47:23,89
13:47:25,88
13:47:28,88
13:47:29,89
13:47:32,89
13:47:35,89
13:47:38,89
13:47:41,89
13:47:44,89
13:47:47,89
13:47:49,90
13:47:52,90
13:47:55,90
13:47:56,90
13:47:58,89
13:48:01,89
13:48:04,89
13:48:07,89
13:48:10,89
13:48:13,89
13:48:16,89
13:48:18,89
13:48:19,88
13:48:22,88
13:48:23,87
13:48:26,87
13:48:29,87
13:48:32,87
13:48:35,87
13:48:36,86
13:48:38,87
13:48:41,87
13:48:44,87
13:48:47,87
13:48:48,87
13:48:51,87
13:48:54,87
13:48:57,87
13:48:58,86
13:49:01,86
13:49:02,86
13:49:05,85
13:49:08,85
13:49:11,85
13:49:14,85
13:49:15,86
13:49:18,86
13:49:21,86
13:49:24,86
13:49:26,86
13:49:29,86
13:49:32,86
13:49:35,86
13:49:38,86
13:49:41,86
13:49:44,86
13:49:47,86
13:49:50,86
13:49:53,86
13:49:56,86
13:49:59,86
13:50:01,86
13:50:04,86
13:50:07,86
13:50:09,83
13:50:11,83
13:50:14,83
13:50:15,83
13:50:18,82
13:50:21,82
13:50:24,82
13:50:27,82
13:50:30,82
13:50:33,82
13:50:36,82
13:50:39,82
13:50:42,82
13:50:44,83
13:50:47,83
13:50:48,84
13:50:51,85
13:50:54,85
13:50:57,85
13:51:00,85
13:51:02,84
13:51:05,84
13:51:08,84
13:51:11,84
13:51:14,84
13:51:17,84
13:51:20,84
13:51:23,85
13:51:26,85
13:51:29,85
13:51:30,85
13:51:33,86
13:51:36,86
13:51:39,86
13:51:42,86
13:51:43,85
13:51:45,84
13:51:46,83
13:51:49,83
13:51:52,83
13:51:55,83
13:51:58,83
13:52:01,83
13:52:04,83
13:52:05,84
13:52:06,85
13:52:08,86
13:52:09,87
13:52:12,87
13:52:15,87
13:52:18,87
13:52:21,87
13:52:24,87
13:52:25,87
13:52:28,87
13:52:31,87
13:52:34,87
13:52:35,87
13:52:38,87
13:52:41,87
13:52:44,87
13:52:47,88
13:52:50,88
13:52:53,88
13:52:56,88
13:52:59,88
13:53:02,88
13:53:05,88
13:53:08,88
13:53:11,88
13:53:14,88
13:53:17,88
13:53:19,89
13:53:22,89
13:53:25,89
13:53:27,88
13:53:30,88
13:53:33,88
13:53:36,88
13:53:39,88
13:53:42,88
13:53:45,88
13:53:48,88
13:53:51,88
13:53:52,88
13:53:55,88
13:53:58,88
13:54:01,88
13:54:04,88
13:54:07,88
13:54:10,88
13:54:13,88
13:54:15,87
13:54:16,86
13:54:17,86
13:54:18,85
13:54:20,84
13:54:23,84
13:54:26,84
13:54:27,85
13:54:28,86
13:54:30,87
13:54:32,87
13:54:35,87
13:54:38,87
13:54:40,86
13:54:43,86
13:54:46,86
13:54:49,86
13:54:52,86
13:54:55,86
13:54:56,86
13:54:58,85
13:55:01,85
13:55:02,84
13:55:03,84
13:55:04,83
13:55:07,83
13:55:08,83
13:55:11,83
13:55:14,83
13:55:16,82
13:55:18,82
13:55:21,82
13:55:24,83
13:55:26,82
13:55:29,81
13:55:30,81
13:55:33,81
13:55:36,81
13:55:37,81
13:55:40,81
13:55:42,81
13:55:44,81
13:55:47,81
13:55:50,82
13:55:51,82
13:55:54,82
13:55:55,82
13:55:56,83
13:55:57,82
13:55:58,83
13:56:01,83
13:56:04,83
13:56:07,83
13:56:10,83
13:56:11,83
13:56:14,83
13:56:17,83
13:56:20,82
13:56:23,82
13:56:26,82
13:56:29,82
13:56:30,84
13:56:31,84
13:56:34,85
13:56:35,86
13:56:38,86
13:56:39,87
13:56:42,87
13:56:45,87
13:56:48,87
13:56:51,87
13:56:54,87
13:56:57,87
13:56:58,87
13:57:00,86
13:57:03,86
13:57:06,86
13:57:09,86
13:57:11,85
13:57:14,85
13:57:17,85
13:57:20,85
13:57:23,85
13:57:26,85
13:57:27,86
13:57:28,85
13:57:29,86
13:57:31,85
13:57:34,84
13:57:35,84
13:57:38,84
13:57:41,85
13:57:42,85
13:57:44,85
13:57:45,85
13:57:48,85
13:57:51,85
13:57:54,85
13:57:57,85
13:58:00,85
13:58:01,85
13:58:04,85
13:58:07,85
13:58:10,85
13:58:13,85
13:58:16,85
13:58:18,85
13:58:21,85
13:58:24,85
13:58:26,85
13:58:29,85
13:58:32,85
13:58:33,85
13:58:36,85
13:58:39,85
13:58:42,85
13:58:45,85
13:58:48,85
13:58:51,85
13:58:54,85
13:58:57,85
13:58:59,86
13:59:02,86
13:59:05,86
13:59:08,86
13:59:11,86
13:59:14,86
13:59:15,86
13:59:18,86
13:59:21,86
13:59:24,86
13:59:27,86
13:59:30,86
13:59:33,86
13:59:36,86
13:59:39,86
13:59:42,86
13:59:45,86
13:59:47,87
13:59:48,87
13:59:51,87
13:59:54,88
13:59:57,88
13:59:59,90
14:00:00,91
14:00:02,92
14:00:05,92
14:00:07,92
14:00:09,91
14:00:10,90
14:00:12,89
14:00:15,89
14:00:17,89
14:00:20,89
14:00:21,89
14:00:24,89
14:00:27,89
14:00:30,89
14:00:33,89
14:00:34,88
14:00:37,88
14:00:40,88
14:00:43,88
14:00:46,88
14:00:49,88
14:00:52,88
14:00:55,89
14:00:58,88
14:01:01,88
14:01:04,89
14:01:07,89
14:01:10,90
14:01:13,90
14:01:16,90
14:01:18,91
14:01:20,93
14:01:22,92
14:01:23,91
14:01:25,90
14:01:26,89
14:01:29,90
14:01:30,90
14:01:33,90
14:01:34,90
14:01:37,90
14:01:40,91
14:01:41,91
14:01:44,91
14:01:45,91
14:01:48,91
14:01:51,91
14:01:54,91
14:01:57,91
14:02:00,91
14:02:03,91
14:02:04,90
14:02:07,90
14:02:09,89
14:02:12,89
14:02:15,89
14:02:18,89
14:02:21,89
14:02:24,89
14:02:26,88
14:02:29,88
14:02:32,88
14:02:35,88
14:02:38,88
14:02:39,88
14:02:42,88
14:02:45,88
14:02:48,88
14:02:51,88
14:02:54,88
14:02:57,88
14:03:00,88
14:03:03,88
14:03:06,88
14:03:09,88
14:03:12,88
14:03:15,88
14:03:18,88
14:03:21,88
14:03:24,88
14:03:27,88
14:03:30,88
14:03:33,88
14:03:36,88
14:03:39,88
14:03:42,88
14:03:45,88
14:03:48,88
14:03:51,88
14:03:54,88
14:03:57,88
14:03:58,88
14:04:01,88
14:04:04,88
14:04:07,88
14:04:09,89
14:04:12,89
14:04:15,89
14:04:18,89
14:04:21,89
14:04:24,89
14:04:27,89
14:04:30,89
14:04:33,89
14:04:36,89
14:04:39,89
14:04:42,89
14:04:45,89
14:04:48,89
14:04:51,89
14:04:54,89
14:04:57,89
14:05:00,89
14:05:03,89
14:05:06,89
14:05:09,89
14:05:12,89
14:05:15,89
14:05:16,89
14:05:19,89
14:05:22,89
14:05:25,89
14:05:28,89
14:05:30,89
14:05:33,89
14:05:36,89
14:05:39,89
14:05:42,89
14:05:45,89
14:05:48,89
14:05:51,89
14:05:54,89
14:05:57,89
14:06:00,89
14:06:03,89
14:06:06,89
14:06:09,89
14:06:12,89
14:06:14,89
14:06:17,89
14:06:20,89
14:06:23,89
14:06:26,89
14:06:29,89
14:06:32,89
14:06:33,89
14:06:36,88
14:06:37,87
14:06:38,88
14:06:41,88
14:06:44,88
14:06:47,88
14:06:50,88
14:06:53,88
14:06:56,88
14:06:59,88
14:07:02,88
14:07:05,88
14:07:08,88
14:07:11,88
14:07:14,88
14:07:17,88
14:07:20,88
14:07:23,88
14:07:26,88
14:07:29,88
14:07:32,88
14:07:35,88
14:07:38,88
14:07:41,88
14:07:44,88
14:07:47,88
14:07:48,88
14:07:51,88
14:07:54,88
14:07:57,88
14:08:00,88
14:08:03,88
14:08:06,88
14:08:09,88
14:08:12,88
14:08:15,88
14:08:18,88
14:08:21,88
14:08:24,88
14:08:27,88
14:08:28,89
14:08:29,90
14:08:30,91
14:08:31,92
14:08:32,93
14:08:33,94
14:08:36,94
14:08:38,95
14:08:39,96
14:08:40,98
14:08:41,100
14:08:44,100
14:08:47,100
14:08:48,100
14:08:51,100
14:08:54,100
14:08:57,100
14:09:00,101
14:09:01,102
14:09:03,103
14:09:04,106
14:09:07,106
14:09:08,105
14:09:11,105
14:09:14,105
14:09:17,104
14:09:20,104
14:09:21,103
14:09:24,102
14:09:27,102
14:09:28,102
14:09:29,101
14:09:32,101
14:09:33,100
14:09:36,99
14:09:39,98
14:09:42,98
14:09:45,98
14:09:48,98
14:09:51,98
14:09:52,98
14:09:55,98
14:09:58,99
14:09:59,100
14:10:02,100
14:10:05,100
14:10:08,100
14:10:11,100
14:10:14,100
14:10:17,100
14:10:20,100
14:10:21,101
14:10:23,102
14:10:26,102
14:10:29,102
14:10:30,103
14:10:31,105
14:10:32,107
14:10:33,108
14:10:34,109
14:10:37,110
14:10:40,110
14:10:43,110
14:10:46,110
14:10:49,110
14:10:52,110
14:10:55,110
14:10:56,110
14:10:58,111
14:11:01,111
14:11:04,111
14:11:07,111
14:11:10,111
14:11:13,111
14:11:14,110
14:11:16,109
14:11:17,108
14:11:20,108
14:11:23,108
14:11:24,111
14:11:25,112
14:11:26,113
14:11:27,114
14:11:30,113
14:11:32,112
14:11:33,111
14:11:35,112
14:11:38,111
14:11:41,111
14:11:43,112
14:11:45,113
14:11:46,112
14:11:49,112
14:11:52,112
14:11:53,112
14:11:54,113
14:11:57,113
14:12:00,113
14:12:01,114
14:12:02,115
14:12:03,116
14:12:05,115
14:12:06,114
14:12:07,113
14:12:08,111
14:12:09,110
14:12:11,109
14:12:12,108
14:12:14,109
14:12:17,109
14:12:20,109
14:12:23,109
14:12:24,110
14:12:27,110
14:12:29,109
14:12:30,108
14:12:31,106
14:12:32,105
14:12:33,104
14:12:34,105
14:12:37,105
14:12:38,105
14:12:41,104
14:12:42,103
14:12:43,102
14:12:44,101
14:12:47,101
14:12:50,101
14:12:52,103
14:12:53,104
14:12:54,106
14:12:55,107
14:12:57,106
14:13:00,106
14:13:03,106
14:13:06,106
14:13:09,106
14:13:12,106
14:13:15,106
14:13:17,107
14:13:19,106
14:13:22,106
14:13:25,106
14:13:28,106
14:13:31,106
14:13:34,106
14:13:35,107
14:13:36,108
14:13:37,109
14:13:39,108
14:13:40,107
14:13:41,108
14:13:43,109
14:13:46,109
14:13:47,110
14:13:50,110
14:13:53,110
14:13:56,110
14:13:59,110
14:14:01,109
14:14:02,108
14:14:03,109
14:14:04,110
14:14:07,110
14:14:08,111
14:14:09,112
14:14:10,113
14:14:11,112
14:14:13,111
14:14:14,110
14:14:16,109
14:14:17,108
14:14:20,108
14:14:23,108
14:14:26,108
14:14:27,108
14:14:30,108
14:14:33,108
14:14:34,108
14:14:37,108
14:14:39,109
14:14:40,110
14:14:41,111
14:14:44,112
14:14:45,113
14:14:47,114
14:14:50,115
14:14:53,115
14:14:54,116
14:14:57,116
14:15:00,116
14:15:03,117
14:15:04,116
14:15:07,117
14:15:09,119
14:15:10,121
14:15:11,122
14:15:12,123
14:15:15,122
14:15:17,121
14:15:19,120
14:15:20,120
14:15:21,119
14:15:24,120
14:15:25,119
14:15:27,118
14:15:28,118
14:15:30,117
14:15:32,116
14:15:34,115
14:15:37,115
14:15:40,115
14:15:43,115
14:15:44,115
14:15:47,115
14:15:48,115
14:15:51,115
14:15:54,114
14:15:57,114
14:15:59,115
14:16:00,114
14:16:03,114
14:16:04,114
14:16:07,114
14:16:08,114
14:16:11,114
14:16:14,114
14:16:17,113
14:16:18,110
14:16:19,110
14:16:21,111
14:16:23,112
14:16:25,113
14:16:26,114
14:16:28,115
14:16:29,115
14:16:30,116
14:16:31,115
14:16:33,114
14:16:36,114
14:16:37,113
14:16:40,111
14:16:41,109
14:16:43,110
14:16:46,110
14:16:49,110
14:16:52,110
14:16:54,110
14:16:57,110
14:16:59,111
14:17:01,112
14:17:04,112
14:17:07,112
14:17:10,112
14:17:13,112
14:17:14,113
14:17:15,113
14:17:17,114
14:17:20,113
14:17:23,113
14:17:24,113
14:17:26,112
14:17:29,112
14:17:30,113
14:17:32,112
14:17:33,111
14:17:36,112
14:17:37,113
14:17:38,114
14:17:39,115
14:17:40,116
14:17:41,117
14:17:42,118
14:17:45,118
14:17:48,118
14:17:49,117
14:17:51,116
14:17:53,117
14:17:54,116
14:17:55,115
14:17:56,114
14:17:58,116
14:17:59,117
14:18:00,117
14:18:01,118
14:18:02,119
14:18:05,119
14:18:08,118
14:18:11,117
14:18:12,116
14:18:13,115
14:18:14,114
14:18:15,113
14:18:16,112
14:18:17,111
14:18:19,110
14:18:22,109
14:18:25,109
14:18:26,110
14:18:29,111
14:18:32,112
14:18:33,111
14:18:34,110
14:18:35,109
14:18:38,109
14:18:40,108
14:18:42,107
14:18:43,106
14:18:44,105
14:18:47,105
14:18:48,105
14:18:51,105
14:18:54,105
14:18:57,105
14:18:58,104
14:19:00,103
14:19:01,102
14:19:03,103
14:19:04,104
14:19:05,103
14:19:07,102
14:19:08,101
14:19:09,100
14:19:11,101
14:19:14,101
14:19:16,100
14:19:17,99
14:19:18,100
14:19:20,101
14:19:22,102
14:19:24,103
14:19:25,106
14:19:26,108
14:19:29,108
14:19:32,108
14:19:35,109
14:19:36,108
14:19:37,108
14:19:38,107
14:19:39,106
14:19:40,105
14:19:43,105
14:19:46,105
14:19:49,105
14:19:52,105
14:19:55,105
14:19:58,105
14:19:59,104
14:20:00,104
14:20:03,104
14:20:06,104
14:20:09,104
14:20:12,104
14:20:15,104
14:20:18,104
14:20:21,104
14:20:24,104
14:20:27,104
14:20:30,104
14:20:33,104
14:20:36,104
14:20:39,104
14:20:42,104
14:20:45,104
14:20:46,104
14:20:49,104
14:20:52,104
14:20:55,104
14:20:58,104
14:21:01,104
14:21:04,104
14:21:07,104
14:21:10,104
14:21:13,104
14:21:16,104
14:21:19,104
14:21:22,104
14:21:25,104
14:21:28,104
14:21:31,104
14:21:34,104
14:21:37,104
14:21:40,105
14:21:43,105
14:21:46,105
14:21:49,105
14:21:50,106
14:21:52,107
14:21:53,108
14:21:56,107
14:21:59,107
14:22:00,107
14:22:03,107
14:22:06,105
14:22:09,105
14:22:12,105
14:22:14,104
14:22:15,103
14:22:18,103
14:22:21,103
14:22:22,102
14:22:25,102
14:22:27,103
14:22:30,103
14:22:31,104
14:22:34,103
14:22:37,103
14:22:38,104
14:22:41,104
14:22:44,104
14:22:45,103
14:22:46,101
14:22:49,101
14:22:52,101
14:22:55,101
14:22:58,101
14:23:01,101
14:23:04,101
14:23:05,101
14:23:08,101
14:23:11,101
14:23:14,101
14:23:16,102
14:23:19,102
14:23:22,102
14:23:25,102
14:23:28,102
14:23:31,102
14:23:34,102
14:23:37,102
14:23:40,102
14:23:43,102
14:23:46,102
14:23:48,101
14:23:49,99
14:23:52,99
14:23:55,99
14:23:58,99
14:24:01,97
14:24:02,95
14:24:03,94
14:24:05,93
14:24:06,92
14:24:09,91
14:24:12,91
14:24:13,91
14:24:16,91
14:24:19,91
14:24:22,91
14:24:25,91
14:24:28,91
14:24:31,91
14:24:32,90
14:24:33,88
14:24:34,87
14:24:35,86
14:24:38,86
14:24:41,86
14:24:44,86
14:24:47,87
14:24:50,87
14:24:53,87
14:24:55,88
14:24:58,88
14:25:01,88
14:25:04,88
14:25:05,89
14:25:07,90
14:25:10,90
14:25:11,89
14:25:14,89
14:25:17,89
14:25:18,89
14:25:21,89
14:25:24,89
14:25:26,88
14:25:28,87
14:25:31,87
14:25:34,87
14:25:37,87
14:25:40,86
14:25:43,86
14:25:46,86
14:25:49,86
14:25:52,86
14:25:54,85
14:25:55,86
14:25:58,86
14:26:01,86
14:26:04,86
14:26:07,86
14:26:10,86
14:26:13,86
14:26:14,87
14:26:17,87
14:26:20,87
14:26:23,87
14:26:24,88
14:26:25,87
14:26:26,87
14:26:27,87
14:26:28,88
14:26:31,88
14:26:34,88
14:26:37,88
14:26:38,89
14:26:41,90
14:26:44,90
14:26:45,89
14:26:48,89
14:26:49,90
14:26:52,90
14:26:55,90
14:26:57,89
14:27:00,89
14:27:03,89
14:27:06,89
14:27:07,88
14:27:08,88
14:27:10,87
14:27:13,87
14:27:16,87
14:27:19,88
14:27:22,89
14:27:25,89
14:27:28,89
14:27:29,89
14:27:30,88
14:27:33,88
14:27:36,88
14:27:39,88
14:27:42,88
14:27:43,87
14:27:46,87
14:27:49,87
14:27:51,88
14:27:54,88
14:27:57,88
14:28:00,88
14:28:03,88
14:28:06,88
14:28:09,88
14:28:12,88
14:28:15,88
14:28:18,88
14:28:21,88
14:28:24,88
14:28:27,88
14:28:30,88
14:28:33,88
14:28:36,88
14:28:37,89
14:28:39,90
14:28:40,90
14:28:41,91
14:28:44,92
14:28:47,93
14:28:50,93
14:28:53,93
14:28:54,92
14:28:57,91
14:28:59,90
14:29:02,90
14:29:05,90
14:29:08,90
14:29:11,90
14:29:14,89
14:29:17,89
14:29:19,90
14:29:22,90
14:29:24,91
14:29:27,91
14:29:29,92
14:29:32,92
14:29:33,93
14:29:36,92
14:29:39,92
14:29:41,93
14:29:44,93
14:29:47,93
14:29:48,93
14:29:50,92
14:29:53,92
14:29:56,92
14:29:59,92
14:30:00,92
14:30:03,92
14:30:06,93
14:30:09,93
14:30:10,94
14:30:13,94
14:30:16,94
14:30:19,94
14:30:22,94
14:30:25,94
14:30:26,95
14:30:29,95
14:30:30,96
14:30:33,96
14:30:36,96
14:30:39,96
14:30:40,97
14:30:43,97
14:30:45,98
14:30:48,98
14:30:50,97
14:30:53,97
14:30:54,97
14:30:57,97
14:31:00,96
14:31:03,96
14:31:05,95
14:31:08,95
14:31:09,96
14:31:12,97
14:31:15,97
14:31:17,96
14:31:19,97
14:31:22,97
14:31:25,97
14:31:28,97
14:31:31,97
14:31:34,97
14:31:36,96
14:31:39,96
14:31:42,96
14:31:43,97
14:31:46,97
14:31:49,96
14:31:52,96
14:31:55,96
14:31:58,96
14:32:01,96
14:32:04,96
14:32:05,96
14:32:08,96
14:32:11,96
14:32:14,96
14:32:17,96
14:32:20,96
14:32:23,97
14:32:25,98
14:32:26,97
14:32:29,97
14:32:32,97
14:32:35,97
14:32:38,98
14:32:40,98
14:32:41,99
14:32:44,99
14:32:45,99
14:32:48,99
14:32:51,99
14:32:54,99
14:32:57,99
14:33:00,99
14:33:03,99
14:33:06,99
14:33:09,99
14:33:12,99
14:33:15,99
14:33:16,99
14:33:19,99
14:33:22,99
14:33:25,99
14:33:28,98
14:33:30,97
14:33:33,97
14:33:36,97
14:33:39,97
14:33:42,97
14:33:45,97
14:33:48,97
14:33:51,97
14:33:54,97
14:33:57,97
14:34:00,97
14:34:03,97
14:34:06,97
14:34:09,97
14:34:12,98
14:34:15,98
14:34:18,99
14:34:21,99
14:34:24,100
14:34:27,100
14:34:30,100
14:34:32,99
14:34:33,99
14:34:36,99
14:34:39,100
14:34:42,100
14:34:45,100
14:34:47,99
14:34:50,99
14:34:53,99
14:34:54,98
14:34:57,98
14:35:00,98
14:35:03,98
14:35:06,98
14:35:09,98
14:35:12,98
14:35:15,98
14:35:16,97
14:35:19,97
14:35:22,97
14:35:25,97
14:35:28,97
14:35:31,97
14:35:34,97
14:35:37,97
14:35:40,97
14:35:43,97
14:35:46,97
14:35:47,97
14:35:50,98
14:35:53,98
14:35:54,99
14:35:55,100
14:35:58,100
14:36:01,100
14:36:04,100
14:36:06,99
14:36:09,99
14:36:10,98
14:36:13,98
14:36:16,98
14:36:19,98
14:36:22,98
14:36:25,98
14:36:28,98
14:36:30,99
14:36:33,99
14:36:34,100
14:36:37,100
14:36:40,101
14:36:43,101
14:36:46,101
14:36:49,101
14:36:52,101
14:36:53,100
14:36:54,100
14:36:57,100
14:36:59,101
14:37:02,102
14:37:03,103
14:37:06,103
14:37:09,103
14:37:12,103
14:37:13,104
14:37:14,103
14:37:15,104
14:37:18,103
14:37:21,103
14:37:24,103
14:37:25,102
14:37:28,102
14:37:31,102
14:37:34,102
14:37:37,101
14:37:40,101
14:37:42,100
14:37:45,100
14:37:48,100
14:37:51,100
14:37:54,100
14:37:56,99
14:37:59,99
14:38:00,99
14:38:01,98
14:38:04,98
14:38:07,98
14:38:10,98
14:38:11,99
14:38:14,100
14:38:16,101
14:38:19,101
14:38:22,101
14:38:23,101
14:38:26,101
14:38:27,101
14:38:30,101
14:38:33,101
14:38:36,101
14:38:39,101
14:38:42,101
14:38:45,101
14:38:48,101
14:38:51,101
14:38:54,101
14:38:57,101
14:39:00,101
14:39:03,101
14:39:06,101
14:39:09,101
14:39:10,101
14:39:13,101
14:39:16,101
14:39:19,101
14:39:20,100
14:39:21,99
14:39:22,98
14:39:25,98
14:39:28,97
14:39:30,96
14:39:33,96
14:39:34,97
14:39:35,97
14:39:38,97
14:39:41,97
14:39:43,98
14:39:46,98
14:39:49,98
14:39:52,98
14:39:55,98
14:39:57,98
14:40:00,98
14:40:03,98
14:40:06,98
14:40:09,98
14:40:11,97
14:40:14,94
14:40:15,93
14:40:16,92
14:40:19,91
14:40:22,90
14:40:25,90
14:40:26,90
14:40:29,90
14:40:32,90
14:40:33,91
14:40:36,91
14:40:39,91
14:40:42,91
14:40:44,92
14:40:46,92
14:40:49,92
14:40:52,92
14:40:55,92
14:40:58,91
14:41:00,90
14:41:03,90
14:41:06,90
14:41:09,90
14:41:12,90
14:41:15,90
14:41:18,90
14:41:21,90
14:41:24,90
14:41:25,90
14:41:28,90
14:41:31,90
14:41:34,90
14:41:37,90
14:41:40,90
14:41:43,90
14:41:46,90
14:41:49,90
14:41:52,90
14:41:55,90
14:41:58,90
14:42:01,90
14:42:04,90
14:42:07,90
14:42:10,90
14:42:13,90
14:42:15,91
14:42:18,91
14:42:21,92
14:42:23,96
14:42:24,97
14:42:25,98
14:42:26,98
14:42:29,98
14:42:30,96
14:42:31,95
14:42:32,95
14:42:35,95
14:42:38,95
14:42:41,95
14:42:44,95
14:42:45,94
14:42:48,94
14:42:51,94
14:42:54,94
14:42:57,94
14:43:00,94
14:43:03,94
14:43:06,94
14:43:08,93
14:43:11,93
14:43:14,93
14:43:17,93
14:43:20,93
14:43:23,93
14:43:24,94
14:43:27,94
14:43:28,94
14:43:30,94
14:43:31,95
14:43:34,95
14:43:37,95
14:43:40,95
14:43:41,95
14:43:44,95
14:43:47,95
14:43:48,94
14:43:49,94
14:43:52,94
14:43:54,94
14:43:55,93
14:43:58,93
14:44:01,92
14:44:04,92
14:44:07,92
14:44:10,92
14:44:12,91
14:44:15,91
14:44:18,91
14:44:19,91
14:44:21,91
14:44:24,91
14:44:27,91
14:44:30,91
14:44:33,91
14:44:36,91
14:44:39,91
14:44:42,91
14:44:44,91
14:44:47,91
14:44:48,91
14:44:51,91
14:44:54,91
14:44:57,92
14:45:00,92
14:45:03,92
14:45:06,92
14:45:09,92
14:45:12,92
14:45:15,92
14:45:18,92
14:45:21,92
14:45:24,92
14:45:27,92
14:45:30,93
14:45:33,93
14:45:36,93
14:45:39,93
14:45:42,93
14:45:45,93
14:45:48,93
14:45:50,94
14:45:53,94
14:45:56,94
14:45:59,94
14:46:02,94
14:46:05,94
14:46:06,94
14:46:09,94
14:46:10,95
14:46:13,95
14:46:16,95
14:46:19,95
14:46:22,95
14:46:25,94
14:46:26,93
14:46:27,92
14:46:30,92
14:46:33,92
14:46:36,92
14:46:39,92
14:46:42,92
14:46:45,92
14:46:47,91
14:46:50,91
14:46:53,91
14:46:56,91
14:46:59,90
14:47:00,89
14:47:01,88
14:47:02,87
14:47:05,87
14:47:08,87
14:47:11,87
14:47:12,87
14:47:15,87
14:47:18,87
14:47:21,87
14:47:24,87
14:47:27,87
14:47:30,87
14:47:33,87
14:47:36,87
14:47:39,87
14:47:42,87
14:47:45,87
14:47:47,88
14:47:50,88
14:47:53,88
14:47:56,88
14:47:59,88
14:48:00,87
14:48:03,87
14:48:06,87
14:48:09,87
14:48:12,87
14:48:15,87
14:48:17,88
14:48:20,88
14:48:23,88
14:48:26,88
14:48:27,88
14:48:30,88
14:48:33,88
14:48:36,88
14:48:37,88
14:48:40,88
14:48:43,88
14:48:46,88
14:48:49,88
14:48:52,89
14:48:55,89
14:48:56,90
14:48:59,90
14:49:02,90
14:49:05,90
14:49:08,90
14:49:11,90
14:49:14,90
14:49:17,90
14:49:20,90
14:49:23,91
14:49:26,91
14:49:29,91
14:49:32,91
14:49:35,90
14:49:38,90
14:49:41,90
14:49:42,90
14:49:45,90
14:49:48,91
14:49:51,91
14:49:54,91
14:49:57,91
14:50:00,91
14:50:03,91
14:50:06,91
14:50:08,91
14:50:11,91
14:50:14,91
14:50:17,91
14:50:20,91
14:50:23,92
14:50:26,92
14:50:29,92
14:50:32,92
14:50:35,92
14:50:38,92
14:50:41,92
14:50:44,92
14:50:46,93
14:50:48,93
14:50:49,94
14:50:52,94
14:50:55,94
14:50:56,93
14:50:59,93
14:51:02,93
14:51:05,93
14:51:07,93
14:51:10,93
14:51:13,93
14:51:16,93
14:51:18,92
14:51:21,92
14:51:24,92
14:51:27,92
14:51:30,92
14:51:33,92
14:51:36,92
14:51:39,91
14:51:42,91
14:51:45,91
14:51:48,91
14:51:49,92
14:51:52,92
14:51:55,92
14:51:58,92
14:52:01,92
14:52:04,92
14:52:07,92
14:52:10,92
14:52:11,92
14:52:14,92
14:52:17,92
14:52:20,92
14:52:23,92
14:52:26,92
14:52:28,91
14:52:31,91
14:52:34,91
14:52:37,91
14:52:39,91
14:52:42,91
14:52:45,91
14:52:48,91
14:52:51,91
14:52:54,91
14:52:57,91
14:53:00,91
14:53:03,91
14:53:06,91
14:53:09,91
14:53:12,91
14:53:13,92
14:53:16,92
14:53:18,93
14:53:21,93
14:53:24,93
14:53:25,93
14:53:28,93
14:53:31,93
14:53:34,93
14:53:37,93
14:53:38,92
14:53:40,91
14:53:43,91
14:53:44,91
14:53:47,91
14:53:50,90
14:53:53,91
14:53:54,90
14:53:57,90
14:54:00,90
14:54:02,91
14:54:05,92
14:54:08,92
14:54:11,91
14:54:12,92
14:54:15,92
14:54:18,92
14:54:20,93
14:54:23,92
14:54:25,93
14:54:28,93
14:54:29,92
14:54:30,92
14:54:32,91
14:54:35,91
14:54:38,91
14:54:41,90
14:54:44,90
14:54:45,90
14:54:48,90
14:54:51,90
14:54:54,90
14:54:57,91
14:54:58,92
14:55:00,93
14:55:03,93
14:55:06,93
14:55:09,93
14:55:12,93
14:55:13,94
14:55:16,94
14:55:17,95
14:55:18,95
14:55:21,95
14:55:22,96
14:55:25,95
14:55:26,96
14:55:27,95
14:55:28,96
14:55:29,95
14:55:32,95
14:55:35,95
14:55:38,95
14:55:40,94
14:55:43,93
14:55:45,93
14:55:46,92
14:55:49,92
14:55:52,92
14:55:55,92
14:55:58,92
14:56:01,92
14:56:02,93
14:56:04,92
14:56:07,92
14:56:10,92
14:56:13,92
14:56:16,93
14:56:19,93
14:56:20,94
14:56:23,94
14:56:26,94
14:56:29,94
14:56:32,94
14:56:35,93
14:56:38,93
14:56:39,93
14:56:42,93
14:56:45,93
14:56:48,93
14:56:51,93
14:56:54,93
14:56:55,94
14:56:58,94
14:57:01,95
14:57:04,95
14:57:06,94
14:57:09,93
14:57:12,93
14:57:15,93
14:57:18,93
14:57:21,93
14:57:24,93
14:57:27,93
14:57:30,93
14:57:33,93
14:57:36,93
14:57:39,93
14:57:42,93
14:57:45,93
14:57:48,93
14:57:51,93
14:57:54,93
14:57:55,93
14:57:58,93
14:58:01,93
14:58:02,94
14:58:03,94
14:58:04,95
14:58:05,96
14:58:08,96
14:58:11,96
14:58:14,97
14:58:17,97
14:58:20,97
14:58:23,97
14:58:26,97
14:58:27,98
14:58:30,97
14:58:33,97
14:58:35,96
14:58:37,95
14:58:38,95
14:58:41,95
14:58:42,94
14:58:43,95
14:58:44,94
14:58:47,94
14:58:49,93
14:58:51,93
14:58:52,93
14:58:55,93
14:58:58,92
14:59:01,92
14:59:04,93
14:59:07,93
14:59:10,93
14:59:13,93
14:59:16,93
14:59:17,94
14:59:20,94
14:59:23,95
14:59:26,95
14:59:29,95
14:59:32,95
14:59:35,95
14:59:36,94
14:59:39,94
14:59:40,93
14:59:43,93
14:59:44,92
14:59:45,92
14:59:47,91
14:59:49,90
14:59:52,89
14:59:55,89
14:59:56,88
14:59:57,88
15:00:00,88
15:00:03,88
15:00:06,88
15:00:09,88
15:00:12,88
15:00:15,88
15:00:18,88
15:00:21,88
15:00:24,88
15:00:27,88
15:00:30,88
15:00:31,88
15:00:34,88
15:00:36,88
15:00:39,88
15:00:42,88
15:00:45,88
15:00:48,88
15:00:51,88
15:00:54,88
15:00:57,90
15:00:58,90
15:00:59,89
15:01:02,89
15:01:05,89
15:01:08,89
15:01:09,89
15:01:12,89
15:01:15,88
15:01:18,88
15:01:21,88
15:01:24,88
15:01:27,88
15:01:30,88
15:01:33,88
15:01:36,88
15:01:38,87
15:01:41,87
15:01:44,87
15:01:47,87
15:01:50,87
15:01:52,88
15:01:55,88
15:01:58,88
15:02:01,88
15:02:04,88
15:02:07,88
15:02:10,88
15:02:13,88
15:02:16,88
15:02:17,88
15:02:20,88
15:02:23,89
15:02:24,89
15:02:27,89
15:02:28,88
15:02:31,88
15:02:34,88
15:02:35,88
15:02:37,87
15:02:39,86
15:02:42,86
15:02:45,86
15:02:48,86
15:02:51,86
15:02:54,86
15:02:57,86
15:03:00,86
15:03:03,86
15:03:06,86
15:03:08,87
15:03:10,88
15:03:12,89
15:03:14,90
15:03:17,90
15:03:18,91
15:03:21,91
15:03:24,91
15:03:27,91
15:03:30,90
15:03:31,86
15:03:32,86
15:03:35,86
15:03:38,86
15:03:41,86
15:03:44,86
15:03:45,87
15:03:48,87
15:03:51,88
15:03:54,87
15:03:55,88
15:03:58,88
15:03:59,88
15:04:02,88
15:04:05,88
15:04:08,88
15:04:11,88
15:04:12,89
15:04:13,88
15:04:16,88
15:04:17,89
15:04:18,88
15:04:21,88
15:04:22,89
15:04:23,88
15:04:26,88
15:04:29,88
15:04:30,88
15:04:33,88
15:04:36,88
15:04:37,88
15:04:38,87
15:04:41,87
15:04:44,87
15:04:47,87
15:04:48,87
15:04:51,87
15:04:54,87
15:04:57,87
15:05:00,87
15:05:03,88
15:05:06,88
15:05:08,88
15:05:11,88
15:05:14,88
15:05:17,88
15:05:19,88
15:05:22,88
15:05:25,87
15:05:28,87
15:05:30,88
15:05:33,88
15:05:36,88
15:05:37,89
15:05:38,89
15:05:41,89
15:05:44,89
15:05:47,89
15:05:50,88
15:05:53,88
15:05:56,88
15:05:59,88
15:06:02,88
15:06:05,88
15:06:08,88
15:06:11,88
15:06:14,88
15:06:17,88
15:06:18,89
15:06:21,89
15:06:24,89
15:06:27,89
15:06:30,89
15:06:33,89
15:06:36,88
15:06:39,87
15:06:41,86
15:06:44,86
15:06:47,86
15:06:50,86
15:06:53,86
15:06:54,86
15:06:57,86
15:07:00,86
15:07:03,85
15:07:06,85
15:07:09,85
15:07:12,85
15:07:15,85
15:07:17,86
15:07:20,86
15:07:23,86
15:07:26,86
15:07:29,86
15:07:32,86
15:07:34,87
15:07:37,87
15:07:38,86
15:07:40,87
15:07:43,87
15:07:46,87
15:07:49,87
15:07:51,88
15:07:53,89
15:07:56,89
15:07:59,89
15:08:02,89
15:08:03,88
15:08:04,88
15:08:06,87
15:08:09,87
15:08:12,87
15:08:15,87
15:08:17,86
15:08:19,87
15:08:22,87
15:08:25,87
15:08:27,88
15:08:30,88
15:08:33,88
15:08:36,88
15:08:39,89
15:08:42,89
15:08:44,89
15:08:47,89
15:08:50,89
15:08:53,89
15:08:56,89
15:08:58,88
15:09:01,88
15:09:04,88
15:09:06,87
15:09:09,87
15:09:12,87
15:09:15,87
15:09:16,87
15:09:19,87
15:09:22,87
15:09:25,87
15:09:28,87
15:09:31,87
15:09:34,87
15:09:37,87
15:09:40,87
15:09:43,87
15:09:44,86
15:09:47,85
15:09:50,85
15:09:53,86
15:09:56,86
15:09:58,87
15:10:01,87
15:10:02,88
15:10:05,88
15:10:08,88
15:10:11,88
15:10:14,88
15:10:17,88
15:10:20,88
15:10:21,89
15:10:24,90
15:10:25,90
15:10:26,90
15:10:29,90
15:10:32,90
15:10:33,89
15:10:34,90
15:10:37,90
15:10:40,90
15:10:43,90
15:10:44,89
15:10:47,89
15:10:50,89
15:10:53,89
15:10:56,89
15:10:59,89
15:11:02,89
15:11:05,88
15:11:08,88
15:11:11,88
15:11:14,88
15:11:17,88
15:11:20,88
15:11:23,87
15:11:26,87
15:11:29,87
15:11:32,87
15:11:35,87
15:11:38,88
15:11:39,88
15:11:42,88
15:11:44,89
15:11:47,89
15:11:49,90
15:11:51,90
15:11:52,91
15:11:53,91
15:11:54,91
15:11:57,91
15:11:58,90
15:12:00,90
15:12:01,91
15:12:04,91
15:12:05,91
15:12:06,91
15:12:09,91
15:12:12,91
15:12:15,91
15:12:16,90
15:12:19,90
15:12:20,90
15:12:23,91
15:12:26,91
15:12:29,91
15:12:32,91
15:12:35,91
15:12:36,91
15:12:39,91
15:12:42,91
15:12:45,90
15:12:48,90
15:12:51,90
15:12:53,89
15:12:56,89
15:12:59,89
15:13:02,89
15:13:05,88
15:13:08,88
15:13:09,89
15:13:12,89
15:13:15,89
15:13:16,90
15:13:19,90
15:13:20,90
15:13:23,90
15:13:26,90
15:13:27,91
15:13:29,92
15:13:32,92
15:13:34,92
15:13:35,93
15:13:38,93
15:13:40,94
15:13:41,94
15:13:44,94
15:13:46,95
15:13:49,95
15:13:50,96
15:13:53,96
15:13:56,96
15:13:59,96
15:14:01,95
15:14:04,95
15:14:07,95
15:14:10,95
15:14:13,95
15:14:16,95
15:14:19,95
15:14:21,96
15:14:24,95
15:14:27,95
15:14:30,95
15:14:33,95
15:14:36,95
15:14:39,95
15:14:42,95
15:14:45,95
15:14:48,95
15:14:51,95
15:14:52,96
15:14:53,96
15:14:55,95
15:14:58,95
15:14:59,96
15:15:00,96
15:15:02,95
15:15:05,94
15:15:07,93
15:15:10,93
15:15:13,93
15:15:16,94
15:15:19,94
15:15:22,94
15:15:25,94
15:15:27,93
15:15:29,93
15:15:30,93
15:15:33,93
15:15:34,94
15:15:36,93
15:15:39,93
15:15:42,93
15:15:45,92
15:15:48,92
15:15:51,93
15:15:54,93
15:15:56,92
15:15:57,92
15:15:59,91
15:16:01,90
15:16:03,89
15:16:06,89
15:16:09,89
15:16:12,89
15:16:15,89
15:16:18,89
15:16:21,89
15:16:24,89
15:16:27,89
15:16:30,89
15:16:33,89
15:16:36,89
15:16:39,89
15:16:42,89
15:16:45,89
15:16:48,89
15:16:51,89
15:16:54,89
15:16:57,89
15:17:00,88
15:17:02,89
15:17:05,89
15:17:08,89
15:17:11,89
15:17:12,89
15:17:15,89
15:17:18,89
15:17:21,89
15:17:24,89
15:17:27,89
15:17:29,88
15:17:30,89
15:17:33,89
15:17:35,90
15:17:37,91
15:17:39,92
15:17:41,93
15:17:43,93
15:17:45,92
15:17:48,92
15:17:50,91
15:17:53,91
15:17:55,90
15:17:57,91
15:17:58,92
15:18:00,93
15:18:03,93
15:18:06,93
15:18:07,94
15:18:10,94
15:18:11,95
15:18:12,95
15:18:15,95
15:18:18,96
15:18:21,96
15:18:24,96
15:18:26,95
15:18:29,95
15:18:31,94
15:18:34,93
15:18:37,93
15:18:40,93
15:18:43,93
15:18:46,92
15:18:49,92
15:18:50,91
15:18:53,91
15:18:56,91
15:18:59,91
15:19:02,91
15:19:05,91
15:19:08,91
15:19:11,92
15:19:14,92
15:19:17,92
15:19:20,92
15:19:23,92
15:19:26,92
15:19:27,92
15:19:30,92
15:19:33,92
15:19:36,92
15:19:39,92
15:19:42,92
15:19:45,92
15:19:46,92
15:19:49,92
15:19:51,92
15:19:54,92
15:19:57,92
15:20:00,92
15:20:03,92
15:20:06,92
15:20:09,92
15:20:10,91
15:20:13,90
15:20:16,90
15:20:19,90
15:20:20,91
15:20:23,91
15:20:25,92
15:20:28,93
15:20:30,94
15:20:32,95
15:20:35,96
15:20:36,96
15:20:39,96
15:20:42,96
15:20:45,96
15:20:48,97
15:20:51,96
15:20:52,96
15:20:55,96
15:20:58,95
15:20:59,95
15:21:02,95
15:21:04,95
15:21:06,94
15:21:09,93
15:21:12,93
15:21:13,92
15:21:16,92
15:21:19,92
15:21:20,92
15:21:21,93
15:21:23,94
15:21:25,97
15:21:26,99
15:21:27,101
15:21:28,102
15:21:29,103
15:21:30,104
15:21:31,105
15:21:32,106
15:21:33,107
15:21:34,108
15:21:35,109
15:21:38,108
15:21:41,108
15:21:43,109
15:21:44,109
15:21:47,109
15:21:50,109
15:21:53,108
15:21:55,107
15:21:58,107
15:21:59,108
15:22:02,108
15:22:03,109
15:22:04,110
15:22:06,111
15:22:09,111
15:22:10,110
15:22:11,109
15:22:12,108
15:22:14,107
15:22:16,108
15:22:19,108
15:22:21,107
15:22:22,106
15:22:24,105
15:22:26,104
15:22:27,103
15:22:30,103
15:22:33,102
15:22:34,101
15:22:37,101
15:22:40,101
15:22:43,101
15:22:46,101
15:22:49,101
15:22:52,101
15:22:55,101
15:22:58,101
15:23:00,100
15:23:02,99
15:23:04,98
15:23:06,97
15:23:09,97
15:23:12,97
15:23:13,96
15:23:16,96
15:23:19,96
15:23:21,95
15:23:23,94
15:23:26,94
15:23:27,94
15:23:30,95
15:23:33,95
15:23:36,95
15:23:39,95
15:23:42,95
15:23:45,95
15:23:48,95
15:23:50,94
15:23:53,93
15:23:55,93
15:23:56,92
15:23:59,92
15:24:02,92
15:24:03,91
15:24:06,91
15:24:09,91
15:24:12,91
15:24:15,91
15:24:17,92
15:24:19,93
15:24:22,93
15:24:25,93
15:24:28,93
15:24:31,93
15:24:34,93
15:24:35,92
15:24:36,92
15:24:39,92
15:24:42,92
15:24:45,91
15:24:47,91
15:24:50,91
15:24:53,91
15:24:56,91
15:24:59,91
15:25:02,91
15:25:04,90
15:25:07,90
15:25:10,90
15:25:13,90
15:25:16,90
15:25:19,90
15:25:20,91
15:25:23,91
15:25:26,91
15:25:29,91
15:25:32,90
15:25:35,90
15:25:37,89
15:25:40,89
15:25:43,88
15:25:46,88
15:25:49,88
15:25:50,88
15:25:53,88
15:25:56,88
15:25:59,88
15:26:02,88
15:26:05,88
15:26:08,88
15:26:11,87
15:26:14,86
15:26:17,86
15:26:20,86
15:26:23,86
15:26:24,87
15:26:27,87
15:26:30,87
15:26:31,88
15:26:34,88
15:26:37,88
15:26:38,89
15:26:41,90
15:26:43,89
15:26:46,88
15:26:49,88
15:26:52,88
15:26:55,88
15:26:56,87
15:26:58,87
15:26:59,87
15:27:02,87
15:27:05,87
15:27:08,87
15:27:11,87
15:27:12,86
15:27:15,86
15:27:18,86
15:27:20,86
15:27:23,86
15:27:26,86
15:27:29,86
15:27:32,86
15:27:35,86
15:27:38,86
15:27:41,86
15:27:44,85
15:27:47,85
15:27:50,85
15:27:53,85
15:27:56,85
15:27:59,85
15:28:02,85
15:28:05,85
15:28:08,85
15:28:11,85
15:28:14,85
15:28:15,85
15:28:18,85
15:28:19,84
15:28:22,84
15:28:24,85
15:28:27,85
15:28:30,85
15:28:33,85
15:28:36,85
15:28:37,86
15:28:40,86
15:28:43,86
15:28:45,87
15:28:48,87
15:28:51,87
15:28:54,87
15:28:57,87
15:29:00,87
15:29:03,87
15:29:06,87
15:29:07,88
15:29:10,88
15:29:13,88
15:29:15,87
15:29:18,87
15:29:21,87
15:29:24,87
15:29:25,87
15:29:28,87
15:29:31,87
15:29:34,87
15:29:35,88
15:29:38,88
15:29:41,88
15:29:44,88
15:29:47,89
15:29:50,89
15:29:53,89
15:29:56,90
15:29:59,89
15:30:00,84
15:30:01,83
15:30:02,83
15:30:05,83
15:30:08,83
15:30:11,83
15:30:13,82
15:30:16,81
15:30:18,80
15:30:20,79
15:30:23,79
15:30:26,79
15:30:29,79
15:30:31,79
15:30:32,79
15:30:35,79
15:30:38,79
15:30:41,79
15:30:44,79
15:30:47,79
15:30:50,79
15:30:51,80
15:30:54,80
15:30:57,80
15:31:00,80
15:31:03,80
15:31:06,80
15:31:09,80
15:31:12,80
15:31:13,80
15:31:16,80
15:31:19,80
15:31:22,80
15:31:25,80
15:31:28,80
15:31:31,80
15:31:34,80
15:31:35,81
15:31:38,81
15:31:40,82
15:31:41,83
15:31:42,83
15:31:44,84
15:31:47,84
15:31:50,83
15:31:53,83
15:31:56,83
15:31:59,83
15:32:00,84
15:32:03,84
15:32:06,84
15:32:09,84
15:32:12,84
15:32:13,85
15:32:16,85
15:32:19,85
15:32:22,85
15:32:25,85
15:32:28,85
15:32:30,85
15:32:33,85
15:32:36,85
15:32:39,85
15:32:42,85
15:32:43,85
15:32:46,85
15:32:49,85
15:32:51,86
15:32:52,86
15:32:55,86
15:32:58,86
15:33:01,86
15:33:03,87
15:33:06,87
15:33:09,87
15:33:12,88
15:33:15,88
15:33:16,88
15:33:17,88
15:33:20,88
15:33:23,88
15:33:26,89
15:33:29,89
15:33:32,89
15:33:35,89
15:33:38,89
15:33:39,90
15:33:42,90
15:33:45,90
15:33:48,90
15:33:51,90
15:33:54,90
15:33:57,90
15:34:00,90
15:34:03,90
15:34:04,90
15:34:07,90
15:34:09,89
15:34:12,89
15:34:15,89
15:34:18,89
15:34:21,89
15:34:24,89
15:34:27,89
15:34:30,89
15:34:33,89
15:34:36,89
15:34:39,89
15:34:42,89
15:34:45,89
15:34:46,90
15:34:49,90
15:34:52,90
15:34:55,91
15:34:58,91
15:35:01,91
15:35:03,92
15:35:06,92
15:35:09,92
15:35:11,92
15:35:13,93
15:35:15,93
15:35:16,93
15:35:18,93
15:35:19,93
15:35:20,93
15:35:23,93
15:35:26,93
15:35:29,93
15:35:32,92
15:35:35,92
15:35:36,91
15:35:39,91
15:35:40,90
15:35:43,90
15:35:46,90
15:35:49,90
15:35:50,89
15:35:53,89
15:35:54,88
15:35:56,89
15:35:58,88
15:36:01,88
15:36:04,88
15:36:07,88
15:36:10,88
15:36:13,88
15:36:16,88
15:36:19,88
15:36:20,88
15:36:23,88
15:36:26,88
15:36:27,88
15:36:30,88
15:36:33,88
15:36:36,88
15:36:39,88
15:36:42,88
15:36:44,89
15:36:46,90
15:36:48,91
15:36:51,92
15:36:52,96
15:36:53,95
15:36:54,97
15:36:57,97
15:36:58,98
15:37:00,97
15:37:03,97
15:37:06,97
15:37:08,96
15:37:11,96
15:37:14,96
15:37:17,96
15:37:20,96
15:37:23,96
15:37:24,96
15:37:25,97
15:37:27,98
15:37:28,99
15:37:29,100
15:37:30,101
15:37:31,102
15:37:34,101
15:37:35,100
15:37:38,99
15:37:41,98
15:37:44,97
15:37:45,91
15:37:46,88
15:37:47,85
15:37:48,84
15:37:49,82
15:37:50,83
15:37:53,83
15:37:55,84
15:37:56,84
15:37:59,84
15:38:02,85
15:38:05,85
15:38:08,85
15:38:11,85
15:38:14,85
15:38:15,85
15:38:18,85
15:38:21,85
15:38:23,86
15:38:24,86
15:38:27,86
15:38:30,86
15:38:33,86
15:38:36,86
15:38:39,86
15:38:42,86
15:38:45,86
15:38:48,86
15:38:51,86
15:38:54,86
15:38:57,86
15:39:00,86
15:39:01,86
15:39:04,86
15:39:07,86
15:39:10,86
15:39:13,86
15:39:16,86
15:39:19,86
15:39:22,86
15:39:25,86
15:39:26,85
15:39:27,85
15:39:30,85
15:39:33,85
15:39:36,86
15:39:39,86
15:39:42,85
15:39:45,85
15:39:48,85
15:39:51,85
15:39:54,85
15:39:57,85
15:40:00,85
15:40:03,85
15:40:05,84
15:40:08,84
15:40:11,84
15:40:14,84
15:40:17,84
15:40:20,84
15:40:23,83
15:40:26,83
15:40:29,83
15:40:32,83
15:40:35,83
15:40:37,82
15:40:40,82
15:40:43,82
15:40:44,82
15:40:46,83
15:40:49,83
15:40:52,83
15:40:55,83
15:40:58,83
15:41:01,83
15:41:03,82
15:41:06,82
15:41:09,82
15:41:12,82
15:41:15,82
15:41:18,82
15:41:20,82
15:41:23,82
15:41:26,82
15:41:29,82
15:41:32,82
15:41:35,82
15:41:38,82
15:41:41,82
15:41:44,82
15:41:47,82
15:41:50,82
15:41:53,83
15:41:56,83
15:41:57,82
15:41:58,82
15:42:01,83
15:42:03,84
15:42:05,85
15:42:07,86
15:42:08,87
15:42:10,88
15:42:11,89
15:42:14,89
15:42:15,90
15:42:18,91
15:42:21,92
15:42:24,92
15:42:25,91
15:42:26,92
15:42:28,93
15:42:29,96
15:42:30,99
15:42:31,100
15:42:34,101
15:42:37,100
15:42:40,100
15:42:43,100
15:42:46,100
15:42:48,99
15:42:51,99
15:42:54,99
15:42:55,99
15:42:58,99
15:43:01,99
15:43:03,99
15:43:06,99
15:43:08,99
15:43:09,98
15:43:12,97
15:43:15,97
15:43:18,96
15:43:20,95
15:43:23,95
15:43:26,95
15:43:28,96
15:43:31,96
15:43:34,96
15:43:37,96
15:43:40,97
15:43:43,97
15:43:46,97
15:43:49,97
15:43:52,97
15:43:55,97
15:43:58,96
15:43:59,95
15:44:00,94
15:44:03,93
15:44:04,93
15:44:07,93
15:44:10,93
15:44:12,92
15:44:15,92
15:44:18,92
15:44:21,92
15:44:24,92
15:44:27,92
15:44:29,91
15:44:31,90
15:44:32,89
15:44:35,89
15:44:38,89
15:44:41,89
15:44:44,89
15:44:47,88
15:44:50,88
15:44:53,88
15:44:56,88
15:44:59,88
15:45:02,88
15:45:05,88
15:45:08,88
15:45:09,89
15:45:11,88
15:45:14,88
15:45:15,88
15:45:18,88
15:45:21,88
15:45:24,88
15:45:27,88
15:45:30,88
15:45:32,88
15:45:35,88
15:45:38,88
15:45:41,88
15:45:43,88
15:45:46,89
15:45:47,90
15:45:49,90
15:45:52,90
15:45:53,91
15:45:56,91
15:45:57,91
15:46:00,91
15:46:03,91
15:46:06,92
15:46:09,92
15:46:12,93
15:46:15,93
15:46:18,93
15:46:19,92
15:46:22,91
15:46:23,91
15:46:26,91
15:46:29,91
15:46:32,91
15:46:33,92
15:46:36,92
15:46:39,92
15:46:42,92
15:46:45,92
15:46:48,92
15:46:51,92
15:46:54,92
15:46:57,92
15:47:00,92
15:47:03,92
15:47:06,92
15:47:09,91
15:47:12,91
15:47:15,91
15:47:18,91
15:47:21,91
15:47:24,91
15:47:27,91
15:47:30,91
15:47:33,91
15:47:36,91
15:47:39,91
15:47:40,91
15:47:43,91
15:47:46,91
15:47:49,91
15:47:52,91
15:47:54,91
15:47:57,91
15:48:00,91
15:48:03,91
15:48:06,91
15:48:09,91
15:48:12,91
15:48:13,91
15:48:16,91
15:48:18,91
15:48:21,91
15:48:24,91
15:48:27,91
15:48:30,91
15:48:33,91
15:48:36,91
15:48:39,91
15:48:42,91
15:48:45,91
15:48:48,91
15:48:50,92
15:48:53,92
15:48:54,93
15:48:57,93
15:49:00,93
15:49:01,94
15:49:04,94
15:49:07,94
15:49:10,94
15:49:11,93
15:49:14,94
15:49:17,94
15:49:20,94
15:49:23,94
15:49:26,94
15:49:29,94
15:49:32,94
15:49:35,94
15:49:38,94
15:49:41,94
15:49:44,94
15:49:47,94
15:49:49,94
15:49:50,95
15:49:52,96
15:49:55,97
15:49:56,96
15:49:59,96
15:50:02,96
15:50:03,96
15:50:06,95
15:50:08,96
15:50:11,96
15:50:14,95
15:50:15,95
15:50:18,96
15:50:21,96
15:50:23,97
15:50:26,97
15:50:28,98
15:50:29,99
15:50:31,98
15:50:34,98
15:50:35,99
15:50:38,98
15:50:41,98
15:50:43,98
15:50:46,98
15:50:49,98
15:50:51,99
15:50:54,99
15:50:55,99
15:50:56,98
15:50:59,97
15:51:01,96
15:51:04,96
15:51:05,96
15:51:07,97
15:51:09,98
15:51:10,99
15:51:12,100
15:51:15,101
15:51:17,102
15:51:20,103
15:51:23,103
15:51:24,102
15:51:25,101
15:51:27,100
15:51:29,99
15:51:32,99
15:51:35,99
15:51:38,99
15:51:39,98
15:51:42,98
15:51:43,99
15:51:46,99
15:51:48,98
15:51:51,98
15:51:54,99
15:51:56,100
15:51:59,100
15:52:02,100
15:52:05,99
15:52:06,99
15:52:08,98
15:52:11,99
15:52:13,98
15:52:14,99
15:52:15,100
15:52:17,101
15:52:18,103
15:52:19,105
15:52:20,106
15:52:21,108
15:52:22,114
15:52:23,118
15:52:24,122
15:52:25,124
15:52:26,125
15:52:27,126
15:52:28,128
15:52:29,131
15:52:31,131
15:52:34,131
15:52:35,129
15:52:36,127
15:52:37,125
15:52:38,124
15:52:39,122
15:52:41,121
15:52:42,121
15:52:43,120
15:52:44,120
15:52:46,118
15:52:47,117
15:52:50,118
15:52:51,117
15:52:52,115
15:52:53,113
15:52:54,112
15:52:55,111
15:52:56,110
15:52:57,109
15:53:00,109
15:53:03,109
15:53:06,109
15:53:09,110
15:53:12,109
15:53:13,106
15:53:14,105
15:53:15,103
15:53:17,101
15:53:19,100
15:53:22,100
15:53:23,101
15:53:26,101
15:53:29,101
15:53:30,101
15:53:33,100
15:53:36,101
15:53:38,101
15:53:39,100
15:53:41,100
15:53:44,100
15:53:45,101
15:53:48,102
15:53:49,103
15:53:50,103
15:53:51,105
15:53:52,106
15:53:53,108
15:53:54,107
15:53:55,106
15:53:56,105
15:53:57,103
15:53:58,102
15:54:00,101
15:54:03,101
15:54:05,100
15:54:07,99
15:54:08,98
15:54:11,99
15:54:14,99
15:54:15,100
15:54:16,101
15:54:17,102
15:54:19,103
15:54:22,103
15:54:24,104
15:54:25,105
15:54:26,106
15:54:27,107
15:54:28,109
15:54:29,110
15:54:30,111
15:54:31,112
15:54:34,112
15:54:35,111
15:54:37,110
15:54:40,110
15:54:41,111
15:54:42,111
15:54:43,110
15:54:44,109
15:54:45,108
15:54:47,107
15:54:48,106
15:54:49,105
15:54:52,105
15:54:55,105
15:54:58,105
15:54:59,105
15:55:02,105
15:55:05,105
15:55:08,105
15:55:10,104
15:55:13,104
15:55:16,104
15:55:19,104
15:55:22,104
15:55:23,105
15:55:25,106
15:55:27,107
15:55:29,108
15:55:32,109
15:55:34,108
15:55:35,109
15:55:36,110
15:55:38,111
15:55:40,112
15:55:43,113
15:55:46,113
15:55:48,112
15:55:49,111
15:55:50,110
15:55:51,109
15:55:54,109
15:55:55,110
15:55:56,111
15:55:58,112
15:56:01,112
15:56:04,113
15:56:06,114
15:56:08,115
15:56:11,115
15:56:14,114
15:56:16,113
15:56:17,114
15:56:18,114
15:56:19,113
15:56:22,112
15:56:24,111
15:56:25,110
15:56:27,109
15:56:29,108
15:56:31,109
15:56:33,110
15:56:35,109
15:56:37,109
15:56:39,108
15:56:40,107
15:56:41,107
15:56:44,107
15:56:47,107
15:56:48,107
15:56:49,107
15:56:52,107
15:56:54,108
15:56:56,109
15:56:59,109
15:57:02,108
15:57:05,108
15:57:07,107
15:57:08,106
15:57:09,105
15:57:11,104
15:57:14,104
15:57:16,105
15:57:18,106
15:57:21,106
15:57:22,105
15:57:23,104
15:57:25,103
15:57:26,102
15:57:28,101
15:57:30,100
15:57:33,99
15:57:36,98
15:57:37,99
15:57:40,99
15:57:42,98
15:57:43,97
15:57:44,97
15:57:47,97
15:57:50,97
15:57:53,97
15:57:56,97
15:57:59,97
15:58:02,97
15:58:05,97
15:58:08,97
15:58:11,97
15:58:14,97
15:58:17,97
15:58:20,96
15:58:23,95
15:58:26,95
15:58:29,96
15:58:30,97
15:58:33,98
15:58:34,100
15:58:35,99
15:58:38,99
15:58:41,99
15:58:42,100
15:58:44,101
15:58:46,100
15:58:48,99
15:58:49,98
15:58:50,97
15:58:51,96
15:58:53,95
15:58:54,95
15:58:56,95
15:58:57,95
15:58:58,96
15:59:00,97
15:59:02,97
15:59:05,97
15:59:07,98
15:59:10,98
15:59:11,99
15:59:14,100
15:59:17,100
15:59:20,101
15:59:23,101
15:59:24,102
15:59:26,101
15:59:27,100
15:59:28,99
15:59:29,98
15:59:32,98
15:59:35,98
15:59:38,98
15:59:41,98
15:59:44,98
15:59:45,98
15:59:48,98
15:59:51,98
15:59:54,98
15:59:57,98
16:00:00,98
16:00:02,98
16:00:05,98
16:00:07,98
16:00:10,98
16:00:13,98
16:00:15,98
16:00:18,98
16:00:21,98
16:00:24,98
16:00:27,98
16:00:30,98
16:00:32,99
16:00:34,99
16:00:36,100
16:00:39,100
16:00:42,101
16:00:44,102
16:00:47,103
16:00:50,103
16:00:53,103
16:00:56,103
16:00:57,103
16:01:00,102
16:01:02,103
16:01:04,104
16:01:07,103
16:01:10,103
16:01:11,102
16:01:13,103
16:01:15,104
16:01:18,104
16:01:20,103
16:01:23,103
16:01:26,103
16:01:27,104
16:01:28,105
16:01:31,105
16:01:34,105
16:01:36,106
16:01:37,105
16:01:40,105
16:01:43,106
16:01:45,108
16:01:46,109
16:01:47,108
16:01:49,107
16:01:50,106
16:01:52,105
16:01:53,105
16:01:54,104
16:01:55,105
16:01:57,106
16:02:00,106
16:02:02,105
16:02:04,104
16:02:07,104
16:02:10,103
16:02:12,101
16:02:13,98
16:02:15,96
16:02:17,95
16:02:18,97
16:02:19,98
16:02:20,100
16:02:21,101
16:02:23,100
16:02:25,99
16:02:27,100
16:02:28,101
16:02:29,103
16:02:30,104
16:02:31,105
16:02:32,106
16:02:33,107
16:02:35,106
16:02:36,106
16:02:37,105
16:02:38,104
16:02:39,105
16:02:42,105
16:02:43,106
16:02:45,105
16:02:46,104
16:02:49,104
16:02:50,101
16:02:53,101
16:02:54,100
16:02:55,99
16:02:56,98
16:02:58,97
16:02:59,96
16:03:02,96
16:03:03,97
16:03:06,98
16:03:08,99
16:03:10,100
16:03:11,101
16:03:12,100
16:03:13,99
16:03:15,98
16:03:16,99
16:03:19,99
16:03:20,99
16:03:22,100
16:03:23,101
16:03:24,102
16:03:27,102
16:03:28,101
16:03:31,101
16:03:32,100
16:03:33,99
16:03:34,95
16:03:35,95
16:03:36,94
16:03:39,94
16:03:40,95
16:03:43,95
16:03:44,94
16:03:47,95
16:03:50,95
16:03:51,96
16:03:54,97
16:03:57,97
16:04:00,97
16:04:02,98
16:04:03,99
16:04:05,100
16:04:07,99
16:04:10,99
16:04:11,99
16:04:13,100
16:04:16,101
16:04:19,100
16:04:20,101
16:04:22,100
16:04:25,100
16:04:28,100
16:04:31,101
16:04:34,100
16:04:35,101
16:04:38,102
16:04:39,103
16:04:40,104
16:04:41,105
16:04:42,106
16:04:43,107
16:04:46,108
16:04:48,109
16:04:50,110
16:04:52,111
16:04:53,112
16:04:54,113
16:04:57,112
16:05:00,111
16:05:02,110
16:05:03,109
16:05:04,109
16:05:05,109
16:05:08,110
16:05:11,110
16:05:13,110
16:05:16,109
16:05:18,108
16:05:20,109
16:05:21,108
16:05:23,107
16:05:24,106
16:05:27,105
16:05:29,104
16:05:30,103
16:05:31,102
16:05:33,101
16:05:35,100
16:05:37,99
16:05:39,100
16:05:42,96
16:05:43,96
16:05:44,95
16:05:46,94
16:05:47,92
16:05:48,91
16:05:50,91
16:05:51,92
16:05:52,93
16:05:53,93
16:05:54,92
16:05:57,92
16:06:00,92
16:06:03,92
16:06:06,92
16:06:09,92
16:06:11,91
16:06:14,91
16:06:17,91
16:06:18,92
16:06:19,96
16:06:20,99
16:06:21,101
16:06:22,103
16:06:23,105
16:06:24,107
16:06:26,106
16:06:28,105
16:06:29,106
16:06:30,105
16:06:33,105
16:06:36,105
16:06:37,104
16:06:40,104
16:06:42,104
16:06:43,103
16:06:46,103
16:06:48,104
16:06:51,104
16:06:54,104
16:06:55,105
16:06:58,105
16:06:59,104
16:07:00,103
16:07:01,102
16:07:02,92
16:07:03,92
16:07:06,92
16:07:08,91
16:07:11,91
16:07:14,91
16:07:16,92
16:07:17,95
16:07:20,95
16:07:21,96
16:07:22,98
16:07:23,100
16:07:24,101
16:07:25,102
16:07:27,104
16:07:28,105
16:07:29,107
16:07:30,106
16:07:33,106
16:07:35,105
16:07:36,104
16:07:37,103
16:07:38,96
16:07:39,93
16:07:40,93
16:07:43,94
16:07:45,95
16:07:46,96
16:07:48,95
16:07:51,95
16:07:52,94
16:07:55,94
16:07:58,94
16:08:01,94
16:08:04,94
16:08:07,94
16:08:10,94
16:08:11,95
16:08:13,94
16:08:16,94
16:08:18,94
16:08:21,94
16:08:24,95
16:08:25,95
16:08:28,96
16:08:29,96
16:08:30,95
16:08:32,94
16:08:33,93
16:08:35,92
16:08:38,91
16:08:41,91
16:08:44,91
16:08:46,90
16:08:49,90
16:08:52,90
16:08:55,90
16:08:58,90
16:09:01,89
16:09:04,89
16:09:07,89
16:09:10,89
16:09:13,89
16:09:16,89
16:09:19,89
16:09:22,89
16:09:25,89
16:09:28,89
16:09:31,89
16:09:34,89
16:09:35,89
16:09:38,89
16:09:41,89
16:09:44,90
16:09:46,91
16:09:49,92
16:09:52,92
16:09:53,93
16:09:56,94
16:09:58,95
16:10:00,96
16:10:01,98
16:10:04,100
16:10:06,101
16:10:09,101
16:10:10,101
16:10:13,102
16:10:16,102
16:10:19,103
16:10:22,103
16:10:24,100
16:10:25,97
16:10:26,96
16:10:29,95
16:10:32,94
16:10:35,94
16:10:37,95
16:10:38,96
16:10:39,97
16:10:42,97
16:10:45,98
16:10:46,99
16:10:47,100
16:10:48,101
16:10:49,102
16:10:50,101
16:10:52,100
16:10:55,100
16:10:57,99
16:11:00,98
16:11:02,97
16:11:05,96
16:11:08,96
16:11:11,94
16:11:12,93
16:11:13,92
16:11:14,92
16:11:16,91
16:11:17,90
16:11:19,89
16:11:20,88
16:11:22,88
16:11:25,88
16:11:28,88
16:11:29,88
16:11:32,88
16:11:35,88
16:11:38,88
16:11:41,89
16:11:44,89
16:11:47,89
16:11:48,90
16:11:51,90
16:11:54,90
16:11:57,91
16:12:00,92
16:12:01,93
16:12:03,93
16:12:06,93
16:12:09,93
16:12:10,92
16:12:11,91
16:12:12,91
16:12:15,90
16:12:18,90
16:12:21,90
16:12:24,90
16:12:27,90
16:12:30,90
16:12:32,91
16:12:35,91
16:12:36,91
16:12:37,92
16:12:40,92
16:12:41,92
16:12:44,92
16:12:47,92
16:12:48,93
16:12:51,93
16:12:54,93
16:12:57,93
16:13:00,92
16:13:03,92
16:13:06,92
16:13:09,92
16:13:10,91
16:13:11,90
16:13:12,89
16:13:13,88
16:13:14,88
16:13:15,87
16:13:18,87
16:13:20,86
16:13:23,87
16:13:26,87
16:13:28,86
16:13:29,87
16:13:32,87
16:13:33,87
16:13:36,87
16:13:39,87
16:13:42,86
16:13:44,85
16:13:45,84
16:13:48,84
16:13:51,85
16:13:53,86
16:13:55,87
16:13:57,88
16:13:59,89
16:14:01,90
16:14:04,90
16:14:07,90
16:14:10,90
16:14:13,90
16:14:16,90
16:14:18,86
16:14:19,86
16:14:22,85
16:14:24,86
16:14:26,86
16:14:29,86
16:14:31,87
16:14:34,87
16:14:37,87
16:14:38,87
16:14:41,87
16:14:42,86
16:14:45,84
16:14:46,84
16:14:49,84
16:14:52,84
16:14:55,84
16:14:58,84
16:15:01,84
16:15:04,84
16:15:07,84
16:15:08,85
16:15:09,86
16:15:11,87
16:15:13,86
16:15:14,87
16:15:17,87
16:15:19,88
16:15:22,88
16:15:25,88
16:15:28,88
16:15:31,88
16:15:33,89
16:15:35,90
16:15:36,86
16:15:37,86
16:15:38,86
16:15:40,86
16:15:41,87
16:15:44,87
16:15:46,88
16:15:49,88
16:15:51,89
16:15:54,89
16:15:55,90
16:15:58,90
16:16:01,90
16:16:04,90
16:16:07,90
16:16:10,90
16:16:13,90
16:16:16,90
16:16:17,89
16:16:20,89
16:16:23,89
16:16:26,89
16:16:29,89
16:16:31,91
16:16:32,92
16:16:33,92
16:16:34,93
16:16:35,97
16:16:36,97
16:16:37,98
16:16:40,97
16:16:43,96
16:16:46,96
16:16:48,98
16:16:49,100
16:16:51,101
16:16:53,100
16:16:54,101
16:16:55,103
16:16:56,105
16:16:58,104
16:16:59,103
16:17:01,102
16:17:03,101
16:17:05,100
16:17:06,90
16:17:07,87
16:17:08,86
16:17:09,86
16:17:12,86
16:17:15,86
16:17:18,86
16:17:19,85
16:17:22,85
16:17:25,86
16:17:26,86
16:17:29,86
16:17:32,86
16:17:35,86
16:17:37,87
16:17:40,87
16:17:43,87
16:17:46,86
16:17:47,87
16:17:50,88
16:17:53,88
16:17:54,89
16:17:57,89
16:18:00,89
16:18:03,89
16:18:06,88
16:18:09,88
16:18:10,87
16:18:11,87
16:18:12,86
16:18:13,86
16:18:14,85
16:18:15,85
16:18:16,85
16:18:19,85
16:18:22,85
16:18:25,85
16:18:26,85
16:18:29,85
16:18:32,85
16:18:33,87
16:18:34,87
16:18:37,87
16:18:39,87
16:18:40,86
16:18:42,85
16:18:43,85
16:18:46,85
16:18:49,85
16:18:52,85
16:18:55,85
16:18:58,85
16:19:01,85
16:19:04,86
16:19:07,86
16:19:10,86
16:19:13,86
16:19:16,86
16:19:19,86
16:19:22,86
16:19:25,86
16:19:28,86
16:19:31,86
16:19:34,86
16:19:35,87
16:19:38,87
16:19:41,87
16:19:44,87
16:19:47,87
16:19:50,87
16:19:53,87
16:19:56,87
16:19:59,87
16:20:02,87
16:20:05,87
16:20:08,87
16:20:11,87
16:20:14,87
16:20:17,87
16:20:20,87
16:20:23,87
16:20:26,87
16:20:29,87
16:20:32,87
16:20:35,87
16:20:38,87
16:20:41,87
16:20:44,87
16:20:47,87
16:20:50,87
16:20:52,86
16:20:53,86
16:20:56,86
16:20:59,86
16:21:02,86
16:21:03,85
16:21:06,85
16:21:09,85
16:21:12,85
16:21:15,85
16:21:18,85
16:21:21,85
16:21:22,84
16:21:25,84
16:21:28,84
16:21:31,84
16:21:34,84
16:21:37,84
16:21:40,84
16:21:43,84
16:21:46,83
16:21:49,83
16:21:51,84
16:21:54,84
16:21:55,85
16:21:58,85
16:22:00,86
16:22:01,85
16:22:02,85
16:22:04,84
16:22:05,84
16:22:06,84
16:22:07,83
16:22:08,83
16:22:11,83
16:22:14,83
16:22:17,83
16:22:20,83
16:22:23,83
16:22:26,83
16:22:29,83
16:22:32,83
16:22:35,83
16:22:36,82
16:22:39,82
16:22:41,83
16:22:44,83
16:22:47,83
16:22:50,83
16:22:53,83
16:22:54,82
16:22:57,82
16:23:00,82
16:23:01,82
16:23:04,82
16:23:05,82
16:23:08,82
16:23:11,81
16:23:14,81
16:23:17,81
16:23:18,82
16:23:20,82
16:23:23,82
16:23:26,82
16:23:29,82
16:23:32,82
16:23:35,82
16:23:36,83
16:23:37,84
16:23:38,88
16:23:39,89
16:23:40,90
16:23:41,90
16:23:44,90
16:23:45,89
16:23:48,89
16:23:51,89
16:23:54,89
16:23:57,89
16:24:00,89
16:24:03,89
16:24:06,88
16:24:07,88
16:24:10,85
16:24:11,84
16:24:13,83
16:24:15,82
16:24:18,81
16:24:21,80
16:24:24,80
16:24:25,81
16:24:28,81
16:24:30,81
16:24:33,81
16:24:36,81
16:24:38,81
16:24:39,80
16:24:42,80
16:24:44,81
16:24:46,82
16:24:49,82
16:24:52,82
16:24:55,82
16:24:58,83
16:25:01,83
16:25:04,83
16:25:07,83
16:25:08,84
16:25:11,85
16:25:12,85
16:25:13,85
16:25:16,85
16:25:17,84
16:25:19,84
16:25:22,84
16:25:24,85
16:25:27,85
16:25:30,85
16:25:31,86
16:25:33,88
16:25:34,88
16:25:37,88
16:25:40,89
16:25:43,89
16:25:44,90
16:25:47,90
16:25:50,90
16:25:51,89
16:25:52,89
16:25:55,89
16:25:58,89
16:26:01,89
16:26:04,89
16:26:07,89
16:26:10,89
16:26:13,89
16:26:14,89
16:26:17,89
16:26:20,89
16:26:23,89
16:26:24,89
16:26:26,90
16:26:29,90
16:26:32,90
16:26:35,90
16:26:38,90
16:26:41,90
16:26:43,90
16:26:46,90
16:26:49,90
16:26:52,90
16:26:54,91
16:26:57,91
16:26:58,90
16:27:01,90
16:27:04,90
16:27:07,90
16:27:10,90
16:27:13,90
16:27:14,89
16:27:16,88
16:27:19,88
16:27:20,87
16:27:21,87
16:27:24,87
16:27:27,87
16:27:30,87
16:27:33,87
16:27:36,86
16:27:39,86
16:27:42,86
16:27:45,86
16:27:48,86
16:27:51,87
16:27:54,87
16:27:57,87
16:27:59,88
16:28:02,88
16:28:05,88
16:28:08,88
16:28:11,88
16:28:14,88
16:28:17,88
16:28:20,88
16:28:23,88
16:28:24,87
16:28:27,87
16:28:28,86
16:28:30,85
16:28:31,84
16:28:32,83
16:28:35,82
16:28:38,81
16:28:39,81
16:28:42,81
16:28:43,82
16:28:46,82
16:28:49,82
16:28:52,82
16:28:55,82
16:28:58,82
16:29:01,82
16:29:04,82
16:29:07,82
16:29:10,82
16:29:13,82
16:29:14,83
16:29:17,83
16:29:20,83
16:29:23,83
16:29:26,83
16:29:29,83
16:29:30,83
16:29:32,82
16:29:35,82
16:29:38,82
16:29:40,83
16:29:41,83
16:29:44,84
16:29:47,85
16:29:50,85
16:29:53,86
16:29:56,86
16:29:59,86
16:30:02,85
16:30:04,86
16:30:07,86
16:30:10,86
16:30:13,86
16:30:14,87
16:30:16,87
16:30:19,87
16:30:22,87
16:30:25,88
16:30:28,88
16:30:29,89
16:30:32,89
16:30:33,90
16:30:36,90
16:30:38,89
16:30:41,89
16:30:44,89
16:30:47,89
16:30:50,89
16:30:51,89
16:30:54,89
16:30:57,89
16:30:58,88
16:31:00,87
16:31:01,85
16:31:02,84
16:31:04,83
16:31:07,83
16:31:09,83
16:31:12,83
16:31:15,83
16:31:17,84
16:31:20,84
16:31:22,85
16:31:25,86
16:31:28,86
16:31:31,86
16:31:34,86
16:31:35,87
16:31:37,87
16:31:40,87
16:31:43,87
16:31:45,87
16:31:46,86
16:31:49,86
16:31:52,86
16:31:53,86
16:31:56,86
16:31:59,85
16:32:01,85
16:32:04,85
16:32:07,85
16:32:10,85
16:32:12,86
16:32:15,86
16:32:18,86
16:32:21,86
16:32:24,86
16:32:27,86
16:32:30,86
16:32:33,86
16:32:36,86
16:32:39,86
16:32:42,86
16:32:45,86
16:32:46,86
16:32:47,87
16:32:50,87
16:32:53,87
16:32:56,87
16:32:57,87
16:32:58,87
16:32:59,86
16:33:00,86
16:33:03,86
16:33:06,87
16:33:09,87
16:33:12,87
16:33:15,87
16:33:18,87
16:33:21,87
16:33:22,86
16:33:25,86
16:33:28,86
16:33:31,86
16:33:34,86
16:33:37,86
16:33:40,86
16:33:43,86
16:33:46,88
16:33:47,89
16:33:49,90
16:33:52,90
16:33:54,89
16:33:55,89
16:33:58,89
16:34:01,89
16:34:03,88
16:34:04,87
16:34:05,86
16:34:06,86
16:34:08,86
16:34:11,86
16:34:14,85
16:34:17,85
16:34:20,85
16:34:21,86
16:34:23,87
16:34:26,88
16:34:29,88
16:34:31,89
16:34:32,89
16:34:35,89
16:34:37,90
16:34:39,89
16:34:42,88
16:34:44,87
16:34:46,87
16:34:49,87
16:34:52,87
16:34:55,87
16:34:58,87
16:35:01,87
16:35:04,87
16:35:07,87
16:35:10,87
16:35:13,87
16:35:14,87
16:35:17,87
16:35:20,87
16:35:23,87
16:35:26,87
16:35:27,88
16:35:30,88
16:35:31,88
16:35:32,87
16:35:34,86
16:35:37,86
16:35:38,85
16:35:41,85
16:35:44,85
16:35:45,85
16:35:48,85
16:35:51,85
16:35:53,86
16:35:54,86
16:35:57,86
16:36:00,86
16:36:03,86
16:36:05,87
16:36:06,87
16:36:09,87
16:36:12,87
16:36:15,87
16:36:16,87
16:36:19,87
16:36:22,87
16:36:25,87
16:36:28,87
16:36:31,87
16:36:33,86
16:36:34,85
16:36:37,85
16:36:38,84
16:36:41,84
16:36:44,84
16:36:47,84
16:36:50,84
16:36:53,84
16:36:56,84
16:36:59,84
16:37:02,84
16:37:05,84
16:37:08,85
16:37:11,85
16:37:14,85
16:37:15,85
16:37:16,85
16:37:19,85
16:37:20,82
16:37:21,81
16:37:22,81
16:37:23,80
16:37:24,80
16:37:27,80
16:37:30,80
16:37:33,80
16:37:36,80
16:37:39,80
16:37:42,80
16:37:43,81
16:37:46,81
16:37:49,81
16:37:52,81
16:37:55,81
16:37:58,81
16:38:01,82
16:38:04,82
16:38:07,82
16:38:10,82
16:38:13,82
16:38:16,82
16:38:17,82
16:38:20,82
16:38:23,82
16:38:26,82
16:38:29,82
16:38:32,82
16:38:33,82
16:38:36,83
16:38:39,83
16:38:42,83
16:38:45,83
16:38:48,83
16:38:51,83
16:38:52,82
16:38:55,82
16:38:56,83
16:38:57,82
16:39:00,82
16:39:03,82
16:39:04,82
16:39:05,83
16:39:08,83
16:39:09,82
16:39:12,82
16:39:15,82
16:39:18,82
16:39:21,83
16:39:24,83
16:39:27,83
16:39:30,83
16:39:33,82
16:39:36,81
16:39:39,81
16:39:40,81
16:39:43,81
16:39:46,81
16:39:49,81
16:39:52,81
16:39:55,81
16:39:58,81
16:40:01,81
16:40:04,81
16:40:07,81
16:40:10,81
16:40:13,81
16:40:16,81
16:40:19,81
16:40:22,81
16:40:25,81
16:40:28,81
16:40:31,81
16:40:34,81
16:40:35,80
16:40:38,80
16:40:41,80
16:40:44,80
16:40:47,80
16:40:50,80
16:40:53,80
16:40:56,80
16:40:57,80
16:41:00,80
16:41:03,80
16:41:06,80
16:41:09,80
16:41:10,81
16:41:13,81
16:41:16,81
16:41:19,81
16:41:22,81
16:41:25,81
16:41:28,80
16:41:31,80
16:41:34,80
16:41:37,80
16:41:38,81
16:41:41,81
16:41:44,81
16:41:47,81
16:41:50,81
16:41:53,81
16:41:54,80
16:41:57,80
16:42:00,80
16:42:03,80
16:42:06,80
16:42:09,80
16:42:10,80
16:42:13,80
16:42:14,80
16:42:17,80
16:42:20,80
16:42:23,80
16:42:26,80
16:42:29,80
16:42:32,80
16:42:35,80
16:42:38,80
16:42:41,80
16:42:44,80
16:42:47,80
16:42:50,80
16:42:53,80
16:42:56,80
16:42:59,80
16:43:02,80
16:43:04,81
16:43:07,81
16:43:10,81
16:43:13,81
16:43:16,81
16:43:18,82
16:43:19,82
16:43:22,82
16:43:23,82
16:43:26,82
16:43:29,82
16:43:32,82
16:43:35,82
16:43:36,83
16:43:39,84
16:43:42,84
16:43:45,84
16:43:48,84
16:43:51,85
16:43:54,85
16:43:57,85
16:44:00,85
16:44:02,85
16:44:03,86
16:44:06,86
16:44:08,85
16:44:11,85
16:44:14,85
16:44:17,85
16:44:20,85
16:44:23,85
16:44:26,85
16:44:29,85
16:44:32,85
16:44:34,84
16:44:35,83
16:44:36,82
16:44:39,83
16:44:40,82
16:44:43,82
16:44:45,83
16:44:48,83
16:44:50,82
16:44:51,81
16:44:53,80
16:44:54,80
16:44:57,80
16:45:00,80
16:45:03,80
16:45:06,80
16:45:09,80
16:45:12,80
16:45:15,80
16:45:18,80
16:45:21,80
16:45:24,80
16:45:27,80
16:45:30,80
16:45:33,80
16:45:36,80
16:45:39,80
16:45:40,81
16:45:41,81
16:45:44,81
16:45:47,81
16:45:48,81
16:45:51,81
16:45:54,81
16:45:57,81
16:46:00,81
16:46:02,82
16:46:03,81
16:46:05,82
16:46:08,82
16:46:11,82
16:46:14,82
16:46:17,82
16:46:20,82
16:46:23,82
16:46:26,82
16:46:29,82
16:46:32,83
16:46:34,84
16:46:35,85
16:46:37,86
16:46:40,86
16:46:42,87
16:46:45,87
16:46:48,87
16:46:49,87
16:46:52,87
16:46:55,87
16:46:58,87
16:47:01,87
16:47:03,88
16:47:06,89
16:47:09,90
16:47:12,90
16:47:15,90
16:47:18,90
16:47:21,90
16:47:24,90
16:47:25,89
16:47:28,89
16:47:30,90
16:47:33,86
16:47:34,85
16:47:35,85
16:47:37,85
16:47:40,85
16:47:43,85
16:47:45,84
16:47:48,81
16:47:49,81
16:47:50,80
16:47:51,80
16:47:52,79
16:47:54,78
16:47:56,77
16:47:58,76
16:48:01,76
16:48:04,75
16:48:07,75
16:48:10,75
16:48:13,75
16:48:14,76
16:48:17,77
16:48:18,77
16:48:19,77
16:48:20,77
16:48:23,78
16:48:26,78
16:48:29,78
16:48:30,77
16:48:33,77
16:48:36,77
16:48:39,77
16:48:40,78
16:48:43,78
16:48:46,78
16:48:49,78
16:48:52,78
16:48:55,78
16:48:56,78
16:48:59,78
16:49:02,78
16:49:05,78
16:49:08,78
16:49:11,78
16:49:14,78
16:49:17,78
16:49:18,79
16:49:21,79
16:49:24,79
16:49:27,79
16:49:28,81
16:49:29,81
16:49:32,81
16:49:35,81
16:49:38,81
16:49:41,82
16:49:44,82
16:49:47,82
16:49:50,82
16:49:53,82
16:49:56,81
16:49:57,82
16:50:00,82
16:50:03,82
16:50:06,82
16:50:07,82
16:50:10,82
16:50:12,83
16:50:15,83
16:50:18,83
16:50:21,84
16:50:24,84
16:50:27,84
16:50:28,85
16:50:29,85
16:50:32,85
16:50:35,85
16:50:38,86
16:50:41,86
16:50:44,86
16:50:47,87
16:50:50,87
16:50:53,87
16:50:54,87
16:50:55,88
16:50:58,88
16:51:01,89
16:51:03,90
16:51:06,89
16:51:07,90
16:51:10,91
16:51:11,92
16:51:12,92
16:51:14,92
16:51:15,91
16:51:17,91
16:51:19,90
16:51:22,90
16:51:23,89
16:51:26,89
16:51:27,88
16:51:29,86
16:51:30,85
16:51:32,85
16:51:35,85
16:51:38,85
16:51:41,85
16:51:44,85
16:51:47,85
16:51:50,85
16:51:53,85
16:51:56,85
16:51:59,85
16:52:01,86
16:52:04,86
16:52:05,85
16:52:08,85
16:52:11,85
16:52:13,84
16:52:14,84
16:52:17,84
16:52:20,84
16:52:21,83
16:52:24,83
16:52:27,83
16:52:29,82
16:52:32,82
16:52:35,81
16:52:38,81
16:52:41,81
16:52:44,81
16:52:46,80
16:52:48,80
16:52:49,79
16:52:52,79
16:52:53,78
16:52:55,77
16:52:58,76
16:53:01,76
16:53:02,75
16:53:05,75
16:53:08,75
16:53:09,75
16:53:12,75
16:53:13,74
16:53:14,74
16:53:15,74
16:53:18,74
16:53:21,74
16:53:22,75
16:53:25,75
16:53:28,74
16:53:31,74
16:53:34,74
16:53:37,75
16:53:40,75
16:53:42,74
16:53:45,74
16:53:47,75
16:53:50,75
16:53:51,74
16:53:54,74
16:53:56,74
16:53:59,74
16:54:02,75
16:54:05,76
16:54:08,76
16:54:10,76
16:54:13,76
16:54:15,77
16:54:18,77
16:54:21,77
16:54:24,77
16:54:25,77
16:54:28,77
16:54:31,77
16:54:34,77
16:54:37,77
16:54:40,77
16:54:43,77
16:54:46,77
16:54:49,77
16:54:52,77
16:54:55,77
16:54:58,77
16:55:01,77
16:55:02,77
16:55:05,77
16:55:08,77
16:55:10,78
16:55:13,78
16:55:16,78
16:55:19,78
16:55:22,78
16:55:25,78
16:55:28,78
16:55:30,77
16:55:31,77
16:55:34,77
16:55:37,77
16:55:38,77
16:55:41,77
16:55:44,77
16:55:47,77
16:55:50,77
16:55:52,76
16:55:55,76
16:55:58,75
16:56:01,75
16:56:04,75
16:56:07,75
16:56:09,75
16:56:10,75
16:56:13,75
16:56:16,75
16:56:19,75
16:56:22,75
16:56:25,75
16:56:28,75
16:56:31,75
16:56:34,75
16:56:37,75
16:56:38,76
16:56:40,77
16:56:43,77
16:56:45,78
16:56:48,78
16:56:49,78
16:56:50,81
16:56:53,81
16:56:54,81
16:56:57,81
16:56:59,80
16:57:01,79
16:57:02,78
16:57:03,77
16:57:06,76
16:57:09,76
16:57:12,76
16:57:13,76
16:57:15,76
16:57:17,75
16:57:19,75
16:57:22,75
16:57:23,74
16:57:26,74
16:57:29,75
16:57:30,75
16:57:33,75
16:57:36,75
16:57:39,75
16:57:41,76
16:57:44,77
16:57:47,77
16:57:48,77
16:57:49,77
16:57:52,77
16:57:55,77
16:57:58,77
16:58:01,77
16:58:04,77
16:58:07,77
16:58:10,77
16:58:13,77
16:58:16,77
16:58:19,77
16:58:22,77
16:58:25,77
16:58:28,77
16:58:31,77
16:58:33,78
16:58:34,78
16:58:37,78
16:58:40,78
16:58:41,79
16:58:44,79
16:58:47,79
16:58:49,79
16:58:51,79
16:58:54,79
16:58:55,79
16:58:56,79
16:58:57,78
16:59:00,78
16:59:03,78
16:59:06,78
16:59:09,78
16:59:12,78
16:59:13,78
16:59:16,78
16:59:19,78
16:59:22,78
16:59:25,78
16:59:28,78
16:59:31,78
16:59:34,78
16:59:35,79
16:59:38,79
16:59:39,79
16:59:42,79
16:59:45,79
16:59:48,79
16:59:51,79
16:59:54,80
16:59:57,80
17:00:00,80
17:00:01,79
17:00:04,79
17:00:05,79
17:00:08,80
17:00:11,80
17:00:14,80
17:00:17,80
17:00:20,80
17:00:21,81
17:00:24,81
17:00:27,81
17:00:30,81
17:00:31,82
17:00:34,82
17:00:37,82
17:00:40,82
17:00:43,82
17:00:46,82
17:00:49,82
17:00:52,82
17:00:55,82
17:00:58,83
17:01:01,83
17:01:04,83
17:01:06,84
17:01:07,84
17:01:09,84
17:01:12,84
17:01:15,84
17:01:16,84
17:01:19,84
17:01:22,84
17:01:25,84
17:01:28,84
17:01:30,85
17:01:33,85
17:01:34,86
17:01:37,86
17:01:39,87
17:01:40,86
17:01:43,85
17:01:44,83
17:01:45,83
17:01:48,83
17:01:50,82
17:01:53,82
17:01:56,82
17:01:57,81
17:02:00,81
17:02:03,81
17:02:06,81
17:02:09,81
17:02:12,81
17:02:15,81
17:02:18,81
17:02:21,81
17:02:22,81
17:02:25,81
17:02:28,81
17:02:31,81
17:02:34,81
17:02:37,81
17:02:40,81
17:02:42,82
17:02:45,82
17:02:48,83
17:02:51,83
17:02:53,84
17:02:56,84
17:02:57,84
17:02:59,84
17:03:02,84
17:03:05,84
17:03:08,84
17:03:11,84
17:03:12,85
17:03:15,85
17:03:18,85
17:03:21,85
17:03:24,86
17:03:27,86
17:03:30,86
17:03:33,86
17:03:34,86
17:03:35,85
17:03:38,85
17:03:41,85
17:03:44,85
17:03:47,85
17:03:50,85
17:03:53,85
17:03:56,85
17:03:59,85
17:04:02,85
17:04:05,85
17:04:08,85
17:04:09,84
17:04:12,84
17:04:15,84
17:04:18,84
17:04:21,84
17:04:24,84
17:04:27,84
17:04:30,84
17:04:33,84
17:04:36,84
17:04:39,84
17:04:42,84
17:04:45,84
17:04:48,83
17:04:49,83
17:04:52,83
17:04:55,83
17:04:58,83
17:05:01,84
17:05:04,83
17:05:07,83
17:05:10,83
17:05:13,83
17:05:15,84
17:05:18,84
17:05:21,84
17:05:24,84
17:05:27,84
17:05:30,84
17:05:33,84
17:05:36,84
17:05:39,84
17:05:42,84
17:05:45,84
17:05:48,84
17:05:51,84
17:05:54,84
17:05:57,84
17:06:00,84
17:06:01,85
17:06:04,85
17:06:05,84
17:06:07,85
17:06:10,85
17:06:13,85
17:06:16,85
17:06:19,85
17:06:22,84
17:06:25,84
17:06:26,84
17:06:29,84
17:06:30,84
17:06:33,84
17:06:36,84
17:06:39,84
17:06:40,84
17:06:41,83
17:06:44,82
17:06:45,81
17:06:48,81
17:06:51,80
17:06:52,81
17:06:54,81
17:06:57,81
17:07:00,81
17:07:03,81
17:07:06,81
17:07:09,81
17:07:10,81
17:07:13,81
17:07:16,81
17:07:19,81
17:07:21,82
17:07:24,82
17:07:27,82
17:07:30,82
17:07:33,82
17:07:36,83
17:07:39,83
17:07:42,83
17:07:45,84
17:07:48,84
17:07:51,84
17:07:54,84
17:07:57,84
17:08:00,84
17:08:03,84
17:08:05,85
17:08:08,85
17:08:11,85
17:08:12,84
17:08:15,85
17:08:16,85
17:08:19,85
17:08:22,85
17:08:23,85
17:08:26,85
17:08:29,85
17:08:30,86
17:08:33,86
17:08:36,86
17:08:39,86
17:08:42,86
17:08:45,86
17:08:46,87
17:08:47,87
17:08:50,87
17:08:51,87
17:08:54,87
17:08:57,87
17:09:00,87
17:09:02,87
17:09:05,87
17:09:08,87
17:09:11,87
17:09:14,87
17:09:17,87
17:09:19,87
17:09:22,87
17:09:25,87
17:09:28,87
17:09:29,88
17:09:30,88
17:09:33,89
17:09:36,90
17:09:39,90
17:09:40,91
17:09:43,91
17:09:44,92
17:09:46,91
17:09:49,91
17:09:52,90
17:09:55,90
17:09:58,90
17:10:01,90
17:10:04,90
17:10:07,90
17:10:10,90
17:10:13,90
17:10:16,90
17:10:19,91
17:10:22,91
17:10:23,91
17:10:24,90
17:10:25,91
17:10:28,91
17:10:31,91
17:10:34,91
17:10:37,90
17:10:38,90
17:10:41,90
17:10:44,90
17:10:47,90
17:10:50,90
17:10:53,90
17:10:56,90
17:10:59,90
17:11:02,90
17:11:04,89
17:11:06,90
17:11:09,90
17:11:12,90
17:11:13,90
17:11:14,89
17:11:16,90
17:11:19,91
17:11:21,92
17:11:23,93
17:11:26,93
17:11:29,93
17:11:32,93
17:11:33,92
17:11:36,92
17:11:37,91
17:11:40,91
17:11:43,92
17:11:44,92
17:11:47,93
17:11:50,93
17:11:51,94
17:11:54,94
17:11:55,95
17:11:57,94
17:11:58,95
17:12:00,94
17:12:03,94
17:12:06,94
17:12:07,94
17:12:10,94
17:12:13,94
17:12:16,94
17:12:19,94
17:12:22,94
17:12:25,94
17:12:28,94
17:12:29,93
17:12:32,93
17:12:35,93
17:12:38,93
17:12:41,93
17:12:44,93
17:12:45,94
17:12:48,94
17:12:49,94
17:12:52,94
17:12:54,93
17:12:57,93
17:13:00,93
17:13:03,93
17:13:04,92
17:13:07,92
17:13:10,92
17:13:13,92
17:13:16,92
17:13:19,92
17:13:22,92
17:13:25,92
17:13:26,91
17:13:27,91
17:13:29,90
17:13:32,90
17:13:35,90
17:13:38,90
17:13:41,90
17:13:42,89
17:13:45,89
17:13:48,89
17:13:51,89
17:13:54,89
17:13:57,89
17:13:58,89
17:13:59,88
17:14:02,89
17:14:05,89
17:14:08,89
17:14:11,89
17:14:12,90
17:14:15,90
17:14:18,90
17:14:21,90
17:14:24,90
17:14:27,90
17:14:28,91
17:14:31,92
17:14:34,92
17:14:37,92
17:14:40,92
17:14:43,92
17:14:46,92
17:14:49,92
17:14:52,92
17:14:55,92
17:14:58,92
17:15:01,92
17:15:04,92
17:15:07,92
17:15:10,92
17:15:11,92
17:15:14,92
17:15:17,92
17:15:20,92
17:15:21,91
17:15:22,90
17:15:25,90
17:15:28,90
17:15:31,90
17:15:34,90
17:15:37,90
17:15:39,91
17:15:40,92
17:15:42,93
17:15:43,94
17:15:45,95
17:15:48,95
17:15:49,96
17:15:51,95
17:15:52,96
17:15:53,95
17:15:54,96
17:15:56,97
17:15:59,97
17:16:00,96
17:16:03,96
17:16:06,96
17:16:07,96
17:16:10,96
17:16:13,96
17:16:16,96
17:16:19,96
17:16:22,96
17:16:25,96
17:16:28,96
17:16:29,95
17:16:32,95
17:16:35,95
17:16:38,95
17:16:39,94
17:16:42,94
17:16:45,94
17:16:48,94
17:16:50,93
17:16:53,93
17:16:56,93
17:16:59,93
17:17:00,92
17:17:03,92
17:17:06,92
17:17:09,92
17:17:12,92
17:17:15,92
17:17:18,92
17:17:19,92
17:17:22,91
17:17:25,91
17:17:28,91
17:17:31,91
17:17:32,91
17:17:35,92
17:17:36,91
17:17:39,91
17:17:42,91
17:17:45,91
17:17:48,91
17:17:51,91
17:17:52,91
17:17:55,91
17:17:58,91
17:18:01,91
17:18:04,92
17:18:07,92
17:18:08,93
17:18:10,94
17:18:12,96
17:18:14,97
17:18:17,98
17:18:18,100
17:18:19,102
17:18:20,103
17:18:21,102
17:18:23,101
17:18:25,100
17:18:27,99
17:18:30,98
17:18:33,98
17:18:36,98
17:18:38,97
17:18:41,97
17:18:43,97
17:18:46,97
17:18:49,97
17:18:51,96
17:18:54,96
17:18:57,96
17:19:00,95
17:19:02,95
17:19:04,95
17:19:07,94
17:19:10,94
17:19:11,95
17:19:13,96
17:19:15,97
17:19:18,97
17:19:20,98
17:19:23,98
17:19:26,97
17:19:27,97
17:19:28,98
17:19:31,98
17:19:32,98
17:19:35,98
17:19:38,98
17:19:41,98
17:19:43,97
17:19:46,97
17:19:47,98
17:19:48,99
17:19:51,99
17:19:52,98
17:19:55,98
17:19:56,97
17:19:59,97
17:20:00,96
17:20:03,96
17:20:05,97
17:20:06,97
17:20:09,97
17:20:12,97
17:20:14,96
17:20:17,96
17:20:18,96
17:20:21,96
17:20:24,96
17:20:25,96
17:20:26,97
17:20:29,97
17:20:32,98
17:20:33,99
17:20:36,101
17:20:38,100
17:20:40,99
17:20:43,99
17:20:46,99
17:20:49,99
17:20:52,99
17:20:55,99
17:20:58,99
17:21:00,98
17:21:03,98
17:21:06,98
17:21:09,98
17:21:12,97
17:21:15,96
17:21:18,96
17:21:19,95
17:21:22,95
17:21:25,95
17:21:26,94
17:21:29,94
17:21:32,94
17:21:33,94
17:21:36,94
17:21:39,95
17:21:42,95
17:21:45,95
17:21:47,94
17:21:49,95
17:21:52,95
17:21:54,96
17:21:57,95
17:22:00,95
17:22:03,95
17:22:06,95
17:22:08,96
17:22:11,97
17:22:12,99
17:22:13,101
17:22:14,103
17:22:15,104
17:22:18,103
17:22:21,103
17:22:24,103
17:22:25,104
17:22:27,103
17:22:29,102
17:22:31,101
17:22:32,100
17:22:33,99
17:22:36,99
17:22:37,100
17:22:38,101
17:22:41,101
17:22:44,101
17:22:47,101
17:22:48,102
17:22:51,103
17:22:54,103
17:22:55,104
17:22:57,105
17:23:00,105
17:23:01,106
17:23:04,106
17:23:06,107
17:23:07,108
17:23:09,107
17:23:12,108
17:23:15,107
17:23:17,106
17:23:19,107
17:23:20,108
17:23:22,109
17:23:23,110
17:23:24,111
17:23:26,110
17:23:27,110
17:23:30,110
17:23:32,111
17:23:35,111
17:23:38,111
17:23:40,110
17:23:42,109
17:23:43,110
17:23:44,111
17:23:45,112
17:23:46,114
17:23:47,115
17:23:50,114
17:23:53,114
17:23:54,113
17:23:55,114
17:23:56,115
17:23:58,114
17:23:59,113
17:24:02,114
17:24:03,116
17:24:04,117
17:24:05,118
17:24:08,117
17:24:10,116
17:24:13,115
17:24:14,114
17:24:15,113
17:24:16,112
17:24:19,112
17:24:21,113
17:24:22,114
17:24:23,115
17:24:24,115
17:24:25,114
17:24:27,113
17:24:29,112
17:24:30,111
17:24:32,110
17:24:34,111
17:24:36,111
17:24:37,111
17:24:39,110
17:24:41,109
17:24:44,108
17:24:45,107
17:24:48,105
17:24:51,107
17:24:52,108
17:24:53,109
17:24:56,109
17:24:59,109
17:25:00,108
17:25:01,107
17:25:02,106
17:25:03,105
17:25:04,104
17:25:06,103
17:25:08,102
17:25:09,103
17:25:11,104
17:25:12,105
17:25:14,106
17:25:17,107
17:25:20,107
17:25:23,107
17:25:24,106
17:25:26,107
17:25:27,108
17:25:28,109
17:25:30,108
17:25:31,107
17:25:32,106
17:25:34,105
17:25:35,104
17:25:36,103
17:25:39,103
17:25:42,103
17:25:45,103
17:25:48,102
17:25:50,101
17:25:51,101
17:25:53,102
17:25:55,102
17:25:56,103
17:25:58,104
17:26:01,103
17:26:02,102
17:26:05,103
17:26:06,103
17:26:07,104
17:26:09,105
17:26:11,106
17:26:14,106
17:26:16,105
17:26:17,105
17:26:19,104
17:26:21,105
17:26:24,105
17:26:26,106
17:26:28,106
17:26:31,106
17:26:32,107
17:26:33,108
17:26:34,109
17:26:36,109
17:26:37,108
17:26:39,107
17:26:40,107
17:26:43,107
17:26:46,107
17:26:48,106
17:26:51,105
17:26:53,104
17:26:55,105
17:26:57,104
17:26:58,103
17:27:00,102
17:27:03,102
17:27:04,101
17:27:07,99
17:27:10,98
17:27:11,99
17:27:12,101
17:27:13,103
17:27:15,104
17:27:18,104
17:27:21,104
17:27:24,104
17:27:27,105
17:27:29,106
17:27:30,107
17:27:33,106
17:27:34,105
17:27:35,104
17:27:36,102
17:27:39,102
17:27:40,103
17:27:41,105
17:27:42,105
17:27:43,106
17:27:44,105
17:27:46,104
17:27:47,103
17:27:48,102
17:27:51,101
17:27:52,100
17:27:53,99
17:27:54,101
17:27:55,103
17:27:56,105
17:27:59,104
17:28:02,104
17:28:05,104
17:28:08,103
17:28:11,103
17:28:14,103
17:28:17,103
17:28:20,104
17:28:22,104
17:28:25,104
17:28:26,105
17:28:28,108
17:28:29,109
17:28:32,109
17:28:35,109
17:28:36,110
17:28:37,111
17:28:38,113
17:28:39,114
17:28:40,115
17:28:41,116
17:28:42,117
17:28:44,117
17:28:45,116
17:28:46,115
17:28:48,114
17:28:51,114
17:28:53,113
17:28:54,110
17:28:55,107
17:28:58,107
17:28:59,105
17:29:00,104
17:29:03,104
17:29:06,104
17:29:07,104
17:29:10,104
17:29:13,104
17:29:16,104
17:29:19,104
17:29:22,104
17:29:25,104
17:29:28,104
17:29:30,103
17:29:33,103
17:29:34,102
17:29:37,102
17:29:40,102
17:29:42,101
17:29:45,100
17:29:48,100
17:29:51,100
17:29:54,100
17:29:57,100
17:30:00,100
17:30:01,101
17:30:04,101
17:30:07,101
17:30:10,101
17:30:13,101
17:30:16,101
17:30:19,101
17:30:20,101
17:30:21,100
17:30:22,99
17:30:25,99
17:30:28,99
17:30:31,99
17:30:32,99
17:30:35,99
17:30:38,99
17:30:41,99
17:30:43,99
17:30:46,99
17:30:49,99
17:30:52,99
17:30:55,99
17:30:58,99
17:31:01,99
17:31:04,100
17:31:06,101
17:31:07,102
17:31:09,103
17:31:12,104
17:31:14,103
17:31:16,101
17:31:19,102
17:31:22,102
17:31:25,102
17:31:26,102
17:31:29,102
17:31:32,102
17:31:35,102
17:31:38,102
17:31:41,102
17:31:44,102
17:31:47,102
17:31:50,102
17:31:53,102
17:31:56,102
17:31:59,102
17:32:02,102
17:32:05,102
17:32:08,101
17:32:11,102
17:32:14,103
17:32:15,104
17:32:16,105
17:32:18,106
17:32:19,107
17:32:21,108
17:32:22,109
17:32:23,110
17:32:25,111
17:32:28,111
17:32:29,112
17:32:30,112
17:32:31,113
17:32:33,114
17:32:35,115
17:32:36,116
17:32:38,115
17:32:41,115
17:32:44,114
17:32:46,113
17:32:47,112
17:32:48,111
17:32:49,110
17:32:50,109
17:32:53,109
17:32:56,109
17:32:59,109
17:33:02,109
17:33:05,109
17:33:08,109
17:33:11,109
17:33:12,108
17:33:15,108
17:33:18,108
17:33:20,108
17:33:23,108
17:33:26,108
17:33:29,108
17:33:30,108
17:33:33,108
17:33:36,108
17:33:39,108
17:33:42,108
17:33:45,108
17:33:48,108
17:33:51,108
17:33:54,108
17:33:57,107
17:34:00,107
17:34:03,107
17:34:06,107
17:34:09,107
17:34:12,107
17:34:15,107
17:34:18,107
17:34:21,107
17:34:24,107
17:34:27,107
17:34:30,107
17:34:33,107
17:34:36,107
17:34:39,107
17:34:40,108
17:34:43,109
17:34:45,110
17:34:46,111
17:34:48,112
17:34:50,111
17:34:51,111
17:34:53,110
17:34:55,109
17:34:58,108
17:35:01,108
17:35:04,108
17:35:05,107
17:35:08,107
17:35:11,107
17:35:14,107
17:35:15,106
17:35:16,105
17:35:19,104
17:35:20,103
17:35:21,102
17:35:22,103
17:35:25,104
17:35:27,106
17:35:28,107
17:35:29,108
17:35:30,110
17:35:31,111
17:35:32,112
17:35:33,113
17:35:34,114
17:35:37,114
17:35:38,114
17:35:40,115
17:35:43,116
17:35:44,115
17:35:46,114
17:35:49,114
17:35:52,115
17:35:53,114
17:35:54,113
17:35:55,109
17:35:56,106
17:35:57,103
17:35:58,100
17:35:59,98
17:36:01,97
17:36:02,96
17:36:05,97
17:36:08,97
17:36:10,98
17:36:13,98
17:36:15,99
17:36:18,99
17:36:20,100
17:36:23,100
17:36:26,100
17:36:27,100
17:36:30,100
17:36:33,100
17:36:36,100
17:36:39,100
17:36:42,100
17:36:45,100
17:36:48,100
17:36:51,100
17:36:54,100
17:36:57,100
17:37:00,100
17:37:03,100
17:37:06,100
17:37:09,100
17:37:12,100
17:37:15,100
17:37:18,100
17:37:21,100
17:37:24,100
17:37:27,100
17:37:30,100
17:37:31,100
17:37:34,100
17:37:37,100
17:37:40,102
17:37:41,103
17:37:42,104
17:37:43,105
17:37:44,106
17:37:46,105
17:37:49,106
17:37:50,105
17:37:53,104
17:37:55,103
17:37:58,104
17:38:01,103
17:38:02,102
17:38:03,102
17:38:04,101
17:38:05,99
17:38:06,99
17:38:07,98
17:38:08,96
17:38:09,95
17:38:10,94
17:38:11,94
17:38:14,94
17:38:17,94
17:38:20,94
17:38:23,94
17:38:26,94
17:38:27,94
17:38:28,95
17:38:29,95
17:38:32,95
17:38:35,95
17:38:38,95
17:38:40,96
17:38:43,96
17:38:46,96
17:38:49,96
17:38:52,96
17:38:55,96
17:38:58,95
17:39:01,95
17:39:04,95
17:39:07,95
17:39:10,95
17:39:12,96
17:39:14,96
17:39:17,96
17:39:18,97
17:39:19,98
17:39:22,98
17:39:25,98
17:39:27,97
17:39:29,97
17:39:32,97
17:39:35,97
17:39:38,97
17:39:39,97
17:39:42,97
17:39:43,96
17:39:46,96
17:39:49,96
17:39:52,96
17:39:55,96
17:39:56,97
17:39:59,97
17:40:02,96
17:40:05,96
17:40:08,96
17:40:11,96
17:40:14,96
17:40:17,96
17:40:20,96
17:40:22,95
17:40:25,95
17:40:28,95
17:40:30,96
17:40:33,96
17:40:36,96
17:40:39,96
17:40:42,96
17:40:45,95
17:40:48,95
17:40:51,95
17:40:52,95
17:40:55,95
17:40:58,95
17:41:01,95
17:41:02,94
17:41:04,93
17:41:07,93
17:41:10,93
17:41:13,93
17:41:14,92
17:41:17,92
17:41:20,92
17:41:23,92
17:41:26,92
17:41:29,92
17:41:32,92
17:41:35,91
17:41:38,90
17:41:41,90
17:41:44,90
17:41:47,90
17:41:50,90
17:41:53,90
17:41:56,90
17:41:59,90
17:42:02,90
17:42:05,90
17:42:06,90
17:42:07,91
17:42:10,91
17:42:13,91
17:42:16,91
17:42:19,92
17:42:22,92
17:42:25,92
17:42:28,92
17:42:31,92
17:42:32,92
17:42:35,93
17:42:37,94
17:42:39,95
17:42:41,96
17:42:44,96
17:42:47,96
17:42:50,95
17:42:53,95
17:42:54,95
17:42:57,94
17:43:00,94
17:43:02,94
17:43:05,94
17:43:06,93
17:43:09,93
17:43:10,93
17:43:11,92
17:43:12,93
17:43:13,93
17:43:16,93
17:43:19,93
17:43:22,93
17:43:25,93
17:43:28,93
17:43:31,93
17:43:34,93
17:43:37,93
17:43:40,93
17:43:43,93
17:43:46,93
17:43:49,93
17:43:52,93
17:43:55,93
17:43:58,93
17:44:01,93
17:44:04,93
17:44:07,93
17:44:10,93
17:44:13,93
17:44:16,93
17:44:19,93
17:44:22,93
17:44:25,93
17:44:26,93
17:44:29,93
17:44:32,93
17:44:35,93
17:44:36,92
17:44:39,91
17:44:42,91
17:44:45,91
17:44:48,91
17:44:51,91
17:44:52,90
17:44:55,90
17:44:56,90
17:44:59,90
17:45:02,90
17:45:05,90
17:45:08,89
17:45:09,90
17:45:12,90
17:45:15,89
17:45:18,88
17:45:19,88
17:45:22,88
17:45:25,88
17:45:28,88
17:45:31,88
17:45:34,89
17:45:35,89
17:45:38,90
17:45:40,91
17:45:41,92
17:45:42,93
17:45:43,92
17:45:46,92
17:45:48,91
17:45:50,91
17:45:51,92
17:45:54,93
17:45:57,93
17:45:58,92
17:46:01,91
17:46:04,91
17:46:06,90
17:46:09,90
17:46:12,90
17:46:15,90
17:46:17,90
17:46:20,90
17:46:23,90
17:46:25,89
17:46:28,89
17:46:31,89
17:46:34,89
17:46:36,88
17:46:37,88
17:46:38,87
17:46:40,86
17:46:43,86
17:46:44,86
17:46:47,86
17:46:50,86
17:46:53,86
17:46:56,86
17:46:59,87
17:47:02,87
17:47:05,87
17:47:08,87
17:47:11,87
17:47:14,87
17:47:17,87
17:47:20,88
17:47:23,88
17:47:26,88
17:47:29,88
17:47:32,88
17:47:34,89
17:47:37,89
17:47:40,89
17:47:43,89
17:47:45,90
17:47:48,90
17:47:49,91
17:47:52,91
17:47:54,92
17:47:56,93
17:47:58,94
17:47:59,95
17:48:00,96
17:48:03,96
17:48:05,95
17:48:08,95
17:48:11,95
17:48:13,95
17:48:14,94
17:48:17,94
17:48:20,93
17:48:23,93
17:48:26,93
17:48:28,93
17:48:29,93
17:48:32,93
17:48:33,92
17:48:36,92
17:48:39,92
17:48:42,92
17:48:45,92
17:48:46,91
17:48:48,90
17:48:49,89
17:48:50,88
17:48:52,87
17:48:53,87
17:48:56,87
17:48:59,87
17:49:02,87
17:49:05,87
17:49:08,87
17:49:11,87
17:49:14,87
17:49:17,87
17:49:20,87
17:49:23,87
17:49:25,88
17:49:28,88
17:49:31,88
17:49:34,88
17:49:37,88
17:49:40,88
17:49:43,88
17:49:46,87
17:49:49,87
17:49:51,88
17:49:54,87
17:49:57,87
17:50:00,87
17:50:01,87
17:50:04,87
17:50:07,87
17:50:10,88
17:50:13,89
17:50:14,90
17:50:16,91
17:50:19,91
17:50:22,91
17:50:23,92
17:50:26,92
17:50:28,91
17:50:31,91
17:50:32,92
17:50:35,91
17:50:38,91
17:50:40,90
17:50:43,90
17:50:46,90
17:50:49,90
17:50:52,90
17:50:54,89
17:50:57,89
17:51:00,89
17:51:03,89
17:51:06,89
17:51:09,90
17:51:10,91
17:51:12,90
17:51:15,90
17:51:18,90
17:51:21,90
17:51:24,90
17:51:27,90
17:51:28,90
17:51:31,90
17:51:32,91
17:51:35,90
17:51:38,90
17:51:40,91
17:51:43,91
17:51:46,91
17:51:49,91
17:51:50,90
17:51:53,90
17:51:56,90
17:51:59,90
17:52:02,90
17:52:03,91
17:52:06,91
17:52:07,90
17:52:10,90
17:52:13,90
17:52:16,90
17:52:17,91
17:52:20,91
17:52:23,91
17:52:26,91
17:52:29,90
17:52:32,90
17:52:35,90
17:52:38,90
17:52:41,90
17:52:42,91
17:52:43,92
17:52:44,91
17:52:45,92
17:52:48,92
17:52:51,92
17:52:54,92
17:52:57,92
17:53:00,92
17:53:03,92
17:53:06,92
17:53:09,91
17:53:12,91
17:53:15,90
17:53:18,90
17:53:21,90
17:53:24,90
17:53:27,90
17:53:28,90
17:53:31,90
17:53:34,90
17:53:37,90
17:53:40,90
17:53:43,90
17:53:46,90
17:53:49,90
17:53:52,90
17:53:53,91
17:53:56,91
17:53:59,91
17:54:02,91
17:54:05,91
17:54:08,92
17:54:11,92
17:54:12,91
17:54:15,91
17:54:18,91
17:54:19,90
17:54:22,90
17:54:23,90
17:54:24,89
17:54:27,88
17:54:30,88
17:54:33,88
17:54:36,88
17:54:37,88
17:54:40,88
17:54:43,88
17:54:45,88
17:54:48,88
17:54:51,88
17:54:52,88
17:54:55,88
17:54:56,89
17:54:58,90
17:55:01,90
17:55:03,90
17:55:06,90
17:55:09,90
17:55:12,90
17:55:13,89
17:55:16,89
17:55:19,89
17:55:22,89
17:55:25,89
17:55:28,89
17:55:31,89
17:55:34,89
17:55:35,88
17:55:38,88
17:55:41,88
17:55:42,89
17:55:43,89
17:55:46,89
17:55:47,90
17:55:50,90
17:55:53,90
17:55:55,91
17:55:57,91
17:56:00,91
17:56:01,90
17:56:04,90
17:56:07,90
17:56:10,90
17:56:13,90
17:56:16,90
17:56:18,91
17:56:20,92
17:56:22,91
17:56:25,91
17:56:28,91
17:56:31,91
17:56:34,91
17:56:37,91
17:56:40,91
17:56:43,91
17:56:46,91
17:56:49,90
17:56:52,90
17:56:53,90
17:56:56,90
17:56:59,89
17:57:02,89
17:57:03,89
17:57:06,89
17:57:09,89
17:57:10,88
17:57:13,89
17:57:16,89
17:57:18,90
17:57:21,90
17:57:22,91
17:57:25,91
17:57:28,92
17:57:31,92
17:57:34,92
17:57:36,93
17:57:38,92
17:57:41,92
17:57:44,92
17:57:47,92
17:57:50,93
17:57:52,94
17:57:55,95
17:57:58,95
17:58:01,95
17:58:02,95
17:58:04,96
17:58:06,95
17:58:09,95
17:58:10,96
17:58:12,95
17:58:14,94
17:58:15,93
17:58:17,92
17:58:20,92
17:58:22,91
17:58:25,90
17:58:26,90
17:58:29,90
17:58:32,90
17:58:35,90
17:58:38,90
17:58:41,90
17:58:42,89
17:58:44,88
17:58:47,88
17:58:50,88
17:58:53,88
17:58:56,88
17:58:59,88
17:59:02,88
17:59:05,88
17:59:06,88
17:59:09,88
17:59:12,88
17:59:15,88
17:59:17,89
17:59:20,89
17:59:23,89
17:59:26,89
17:59:29,89
17:59:32,89
17:59:35,89
17:59:38,89
17:59:41,89
17:59:42,89
17:59:45,89
17:59:48,89
17:59:50,90
17:59:52,90
17:59:53,91
17:59:54,92
17:59:56,93
17:59:59,93
18:00:02,93
18:00:05,93
18:00:06,92
18:00:09,92
18:00:12,93
18:00:13,93
18:00:16,93
18:00:19,93
18:00:22,93
18:00:23,94
18:00:26,95
18:00:29,95
18:00:32,95
18:00:35,95
18:00:37,96
18:00:40,96
18:00:41,97
18:00:43,98
18:00:45,99
18:00:48,99
18:00:51,99
18:00:52,98
18:00:55,95
18:00:56,93
18:00:57,92
18:00:58,91
18:00:59,90
18:01:00,90
18:01:03,90
18:01:06,90
18:01:09,90
18:01:10,89
18:01:11,89
18:01:14,89
18:01:17,91
18:01:20,91
18:01:23,91
18:01:26,91
18:01:29,91
18:01:32,91
18:01:35,91
18:01:38,91
18:01:41,91
18:01:44,91
18:01:47,91
18:01:50,91
18:01:53,91
18:01:54,92
18:01:57,92
18:01:58,92
18:02:01,92
18:02:04,92
18:02:07,92
18:02:10,92
18:02:13,92
18:02:16,92
18:02:19,92
18:02:22,92
18:02:25,92
18:02:26,92
18:02:28,93
18:02:30,94
18:02:33,94
18:02:34,95
18:02:35,95
18:02:38,95
18:02:41,95
18:02:44,95
18:02:47,94
18:02:50,94
18:02:51,95
18:02:54,95
18:02:57,95
18:03:00,95
18:03:01,94
18:03:04,94
18:03:05,92
18:03:06,92
18:03:07,91
18:03:08,91
18:03:11,91
18:03:14,91
18:03:17,91
18:03:20,92
18:03:23,92
18:03:26,92
18:03:27,92
18:03:30,92
18:03:33,92
18:03:36,92
18:03:37,91
18:03:40,91
18:03:43,91
18:03:46,91
18:03:49,91
18:03:52,90
18:03:55,90
18:03:58,90
18:04:01,90
18:04:04,90
18:04:07,90
18:04:10,90
18:04:12,91
18:04:15,91
18:04:16,91
18:04:17,92
18:04:18,93
18:04:21,93
18:04:24,93
18:04:27,92
18:04:30,92
18:04:33,92
18:04:36,92
18:04:37,92
18:04:40,92
18:04:43,92
18:04:46,92
18:04:49,92
18:04:52,92
18:04:55,92
18:04:58,92
18:05:01,92
18:05:04,92
18:05:07,92
18:05:10,92
18:05:13,92
18:05:16,92
18:05:19,92
18:05:22,92
18:05:25,93
18:05:26,93
18:05:27,93
18:05:30,93
18:05:33,93
18:05:35,92
18:05:38,91
18:05:41,91
18:05:44,91
18:05:47,91
18:05:50,91
18:05:51,91
18:05:54,91
18:05:57,91
18:06:00,91
18:06:03,91
18:06:06,91
18:06:09,91
18:06:12,91
18:06:13,92
18:06:16,92
18:06:18,93
18:06:21,93
18:06:24,93
18:06:27,93
18:06:30,93
18:06:33,93
18:06:36,92
18:06:39,92
18:06:42,92
18:06:45,91
18:06:48,91
18:06:51,91
18:06:54,91
18:06:56,90
18:06:59,90
18:07:02,90
18:07:05,90
18:07:06,90
18:07:09,90
18:07:12,91
18:07:15,91
18:07:18,91
18:07:19,91
18:07:22,91
18:07:25,91
18:07:28,91
18:07:30,90
18:07:33,90
18:07:36,90
18:07:39,90
18:07:42,91
18:07:45,91
18:07:46,90
18:07:47,91
18:07:50,91
18:07:51,92
18:07:54,92
18:07:57,92
18:08:00,92
18:08:01,93
18:08:04,93
18:08:07,93
18:08:10,93
18:08:13,93
18:08:14,92
18:08:15,91
18:08:16,90
18:08:18,91
18:08:21,91
18:08:24,91
18:08:27,91
18:08:30,91
18:08:32,91
18:08:34,91
18:08:37,91
18:08:38,92
18:08:41,92
18:08:44,93
18:08:47,93
18:08:48,94
18:08:49,95
18:08:52,96
18:08:54,95
18:08:55,96
18:08:58,96
18:09:01,96
18:09:02,96
18:09:05,96
18:09:06,97
18:09:09,96
18:09:11,96
18:09:12,96
18:09:14,96
18:09:16,97
18:09:17,98
18:09:18,99
18:09:19,98
18:09:20,99
18:09:21,98
18:09:24,99
18:09:27,99
18:09:30,99
18:09:31,99
18:09:33,98
18:09:36,98
18:09:37,97
18:09:38,94
18:09:39,93
18:09:40,93
18:09:41,91
18:09:42,91
18:09:45,91
18:09:47,90
18:09:48,90
18:09:51,90
18:09:54,91
18:09:57,91
18:10:00,91
18:10:01,91
18:10:02,92
18:10:03,93
18:10:06,94
18:10:09,94
18:10:12,94
18:10:15,94
18:10:18,94
18:10:19,94
18:10:20,94
18:10:23,93
18:10:26,93
18:10:27,89
18:10:28,89
18:10:31,89
18:10:34,89
18:10:35,88
18:10:38,88
18:10:41,88
18:10:44,88
18:10:45,89
18:10:46,91
18:10:47,92
18:10:50,92
18:10:53,92
18:10:56,92
18:10:59,92
18:11:00,92
18:11:03,92
18:11:05,92
18:11:06,91
18:11:09,91
18:11:12,91
18:11:15,91
18:11:18,91
18:11:19,92
18:11:22,92
18:11:25,92
18:11:28,92
18:11:31,92
18:11:33,92
18:11:36,93
18:11:39,92
18:11:42,92
18:11:45,92
18:11:46,93
18:11:49,94
18:11:52,94
18:11:55,94
18:11:56,93
18:11:59,93
18:12:02,93
18:12:05,93
18:12:08,93
18:12:09,93
18:12:12,93
18:12:15,93
18:12:18,93
18:12:21,93
18:12:22,92
18:12:25,92
18:12:28,93
18:12:29,94
18:12:32,94
18:12:35,94
18:12:38,94
18:12:41,94
18:12:44,94
18:12:47,94
18:12:50,94
18:12:53,94
18:12:55,95
18:12:58,95
18:13:01,95
18:13:04,95
18:13:07,94
18:13:09,93
18:13:11,92
18:13:14,92
18:13:17,92
18:13:20,92
18:13:21,92
18:13:24,92
18:13:27,92
18:13:29,92
18:13:32,92
18:13:35,92
18:13:37,91
18:13:40,91
18:13:43,91
18:13:45,90
18:13:48,89
18:13:51,89
18:13:54,89
18:13:57,89
18:13:58,90
18:13:59,90
18:14:02,90
18:14:05,89
18:14:08,89
18:14:11,90
18:14:14,90
18:14:17,90
18:14:20,90
18:14:22,90
18:14:25,90
18:14:26,91
18:14:29,91
18:14:30,91
18:14:33,91
18:14:36,90
18:14:39,90
18:14:42,90
18:14:45,90
18:14:48,90
18:14:51,89
18:14:52,89
18:14:55,89
18:14:58,89
18:15:01,89
18:15:04,88
18:15:07,88
18:15:10,88
18:15:13,88
18:15:16,88
18:15:19,88
18:15:22,88
18:15:25,88
18:15:28,88
18:15:31,88
18:15:32,87
18:15:35,87
18:15:38,87
18:15:41,87
18:15:44,87
18:15:45,87
18:15:48,87
18:15:51,87
18:15:54,87
18:15:57,87
18:15:59,88
18:16:02,88
18:16:05,88
18:16:08,88
18:16:11,88
18:16:14,88
18:16:17,88
18:16:20,88
18:16:23,88
18:16:26,88
18:16:29,88
18:16:30,88
18:16:32,88
18:16:35,88
18:16:38,88
18:16:40,87
18:16:43,87
18:16:45,88
18:16:47,87
18:16:50,87
18:16:51,88
18:16:54,88
18:16:55,88
18:16:58,88
18:17:01,88
18:17:02,89
18:17:05,90
18:17:08,91
18:17:11,92
18:17:14,92
18:17:17,92
18:17:20,92
18:17:22,92
18:17:25,92
18:17:26,92
18:17:29,92
18:17:31,91
18:17:33,91
18:17:34,91
18:17:35,90
18:17:37,91
18:17:40,91
18:17:43,91
18:17:46,91
18:17:49,91
18:17:52,91
18:17:55,91
18:17:58,91
18:17:59,90
18:18:00,90
18:18:03,90
18:18:06,90
18:18:09,90
18:18:12,90
18:18:15,90
18:18:18,90
18:18:21,90
18:18:24,90
18:18:26,90
18:18:29,90
18:18:32,90
18:18:35,90
18:18:38,90
18:18:41,90
18:18:43,91
18:18:45,91
18:18:48,91
18:18:51,91
18:18:54,90
18:18:55,89
18:18:56,88
18:18:59,87
18:19:00,87
18:19:03,87
18:19:06,87
18:19:09,87
18:19:10,87
18:19:13,87
18:19:16,87
18:19:19,87
18:19:22,87
18:19:23,87
18:19:26,87
18:19:29,87
18:19:32,88
18:19:35,88
18:19:38,88
18:19:41,88
18:19:44,88
18:19:47,88
18:19:50,88
18:19:53,88
18:19:56,88
18:19:59,88
18:20:02,88
18:20:05,88
18:20:08,88
18:20:11,88
18:20:14,88
18:20:17,88
18:20:20,88
18:20:23,88
18:20:24,88
18:20:25,88
18:20:28,88
18:20:31,88
18:20:34,88
18:20:37,88
18:20:40,88
18:20:43,88
18:20:46,88
18:20:47,87
18:20:50,87
18:20:53,87
18:20:56,87
18:20:59,87
18:21:02,86
18:21:05,86
18:21:08,86
18:21:11,86
18:21:14,86
18:21:17,86
18:21:18,87
18:21:20,88
18:21:23,88
18:21:26,88
18:21:29,88
18:21:32,88
18:21:35,88
18:21:38,88
18:21:39,88
18:21:42,88
18:21:45,88
18:21:48,88
18:21:51,88
18:21:54,88
18:21:57,88
18:22:00,88
18:22:03,88
18:22:06,88
18:22:08,87
18:22:11,88
18:22:14,89
18:22:15,90
18:22:16,91
18:22:19,91
18:22:22,91
18:22:24,90
18:22:25,90
18:22:28,90
18:22:31,90
18:22:34,90
18:22:37,90
18:22:40,90
18:22:43,90
18:22:46,90
18:22:49,90
18:22:50,90
18:22:53,90
18:22:56,90
18:22:59,90
18:23:02,90
18:23:05,90
18:23:07,91
18:23:08,90
18:23:10,91
18:23:11,91
18:23:12,91
18:23:15,91
18:23:16,92
18:23:19,92
18:23:20,93
18:23:23,94
18:23:24,93
18:23:27,93
18:23:29,92
18:23:32,92
18:23:35,92
18:23:38,92
18:23:41,92
18:23:44,92
18:23:47,92
18:23:50,92
18:23:53,92
18:23:54,91
18:23:57,91
18:24:00,90
18:24:03,90
18:24:06,90
18:24:09,90
18:24:12,90
18:24:14,90
18:24:17,90
18:24:20,90
18:24:23,90
18:24:26,90
18:24:29,90
18:24:30,89
18:24:33,89
18:24:36,89
18:24:39,89
18:24:42,89
18:24:45,89
18:24:48,89
18:24:51,89
18:24:54,89
18:24:57,89
18:25:00,89
18:25:01,90
18:25:02,89
18:25:05,89
18:25:06,89
18:25:09,89
18:25:12,89
18:25:15,89
18:25:18,89
18:25:21,89
18:25:22,90
18:25:25,90
18:25:27,91
18:25:28,91
18:25:31,91
18:25:34,91
18:25:35,92
18:25:37,93
18:25:39,94
18:25:42,94
18:25:43,95
18:25:46,95
18:25:49,95
18:25:52,95
18:25:54,95
18:25:57,95
18:25:58,96
18:26:01,96
18:26:04,96
18:26:07,96
18:26:10,96
18:26:11,96
18:26:13,95
18:26:15,95
18:26:18,95
18:26:21,95
18:26:24,95
18:26:27,95
18:26:30,95
18:26:33,95
18:26:36,96
18:26:38,96
18:26:39,97
18:26:41,96
18:26:44,96
18:26:47,96
18:26:50,96
18:26:51,95
18:26:54,95
18:26:56,94
18:26:59,94
18:27:02,94
18:27:05,94
18:27:06,93
18:27:09,93
18:27:12,93
18:27:14,92
18:27:17,92
18:27:18,92
18:27:21,92
18:27:24,92
18:27:27,92
18:27:30,92
18:27:33,92
18:27:35,93
18:27:38,93
18:27:41,93
18:27:44,93
18:27:47,93
18:27:50,93
18:27:53,93
18:27:56,93
18:27:59,93
18:28:02,93
18:28:05,93
18:28:08,93
18:28:09,92
18:28:12,92
18:28:15,92
18:28:17,91
18:28:20,91
18:28:23,91
18:28:26,91
18:28:29,91
18:28:32,91
18:28:33,91
18:28:36,91
18:28:39,91
18:28:40,90
18:28:43,90
18:28:46,90
18:28:49,90
18:28:51,90
18:28:54,90
18:28:57,90
18:29:00,90
18:29:03,90
18:29:06,90
18:29:09,91
18:29:11,92
18:29:12,93
18:29:13,93
18:29:16,94
18:29:17,93
18:29:18,93
18:29:19,92
18:29:21,93
18:29:23,94
18:29:24,94
18:29:25,94
18:29:27,95
18:29:28,95
18:29:29,95
18:29:30,94
18:29:33,90
18:29:34,89
18:29:37,89
18:29:39,88
18:29:42,88
18:29:45,88
18:29:48,88
18:29:49,88
18:29:50,88
18:29:51,88
18:29:54,88
18:29:57,88
18:30:00,87
18:30:03,87
18:30:06,87
18:30:09,87
18:30:12,87
18:30:15,87
18:30:18,87
18:30:20,87
18:30:23,87
18:30:26,87
18:30:27,86
18:30:30,86
18:30:33,86
18:30:34,86
18:30:35,85
18:30:37,85
18:30:40,85
18:30:42,86
18:30:45,86
18:30:48,86
18:30:49,87
18:30:51,87
18:30:54,87
18:30:57,87
18:31:00,87
18:31:03,87
18:31:06,87
18:31:09,87
18:31:12,87
18:31:15,87
18:31:17,87
18:31:20,87
18:31:23,87
18:31:26,87
18:31:29,87
18:31:32,87
18:31:34,86
18:31:37,86
18:31:40,86
18:31:43,86
18:31:44,86
18:31:47,86
18:31:50,86
18:31:51,86
18:31:54,86
18:31:57,87
18:31:59,86
18:32:02,86
18:32:05,86
18:32:08,86
18:32:11,86
18:32:14,86
18:32:17,86
18:32:19,85
18:32:21,85
18:32:23,85
18:32:26,85
18:32:27,85
18:32:30,85
18:32:33,86
18:32:36,86
18:32:39,86
18:32:42,86
18:32:45,86
18:32:48,86
18:32:51,86
18:32:52,87
18:32:53,87
18:32:55,88
18:32:58,89
18:32:59,90
18:33:00,91
18:33:01,93
18:33:02,93
18:33:04,93
18:33:05,92
18:33:08,92
18:33:11,92
18:33:14,92
18:33:17,92
18:33:20,92
18:33:23,92
18:33:26,92
18:33:27,92
18:33:30,92
18:33:33,92
18:33:36,92
18:33:39,92
18:33:42,92
18:33:45,92
18:33:48,92
18:33:51,92
18:33:54,92
18:33:57,92
18:33:58,92
18:34:01,92
18:34:04,92
18:34:07,92
18:34:10,92
18:34:13,92
18:34:14,93
18:34:17,93
18:34:20,92
18:34:23,92
18:34:26,92
18:34:29,92
18:34:32,92
18:34:35,92
18:34:38,92
18:34:41,93
18:34:42,94
18:34:45,94
18:34:48,94
18:34:51,94
18:34:54,94
18:34:57,94
18:35:00,94
18:35:03,94
18:35:06,94
18:35:08,94
18:35:11,94
18:35:12,94
18:35:15,94
18:35:18,94
18:35:21,94
18:35:22,94
18:35:25,94
18:35:28,94
18:35:31,94
18:35:34,94
18:35:37,94
18:35:40,94
18:35:43,94
18:35:46,94
18:35:47,93
18:35:50,92
18:35:51,87
18:35:52,86
18:35:53,85
18:35:54,86
18:35:55,86
18:35:58,86
18:36:00,85
18:36:03,85
18:36:06,85
18:36:09,85
18:36:12,85
18:36:15,85
18:36:16,85
18:36:19,85
18:36:22,85
18:36:25,85
18:36:28,85
18:36:31,85
18:36:34,84
18:36:35,83
18:36:37,83
18:36:40,83
18:36:43,83
18:36:46,83
18:36:49,83
18:36:52,83
18:36:53,84
18:36:56,84
18:36:59,84
18:37:02,84
18:37:05,84
18:37:08,84
18:37:11,84
18:37:14,84
18:37:17,84
18:37:20,84
18:37:23,84
18:37:26,84
18:37:29,84
18:37:30,84
18:37:33,84
18:37:36,84
18:37:38,85
18:37:41,85
18:37:44,85
18:37:47,85
18:37:48,85
18:37:51,85
18:37:54,85
18:37:55,84
18:37:56,85
18:37:58,85
18:38:01,85
18:38:04,85
18:38:05,85
18:38:08,85
18:38:11,85
18:38:14,85
18:38:17,85
18:38:18,86
18:38:21,86
18:38:24,86
18:38:27,86
18:38:28,85
18:38:31,85
18:38:34,85
18:38:35,85
18:38:38,85
18:38:41,85
18:38:44,85
18:38:47,85
18:38:50,85
18:38:53,86
18:38:56,87
18:38:59,88
18:39:02,89
18:39:05,89
18:39:08,89
18:39:11,89
18:39:12,89
18:39:15,89
18:39:18,89
18:39:21,89
18:39:23,89
18:39:26,89
18:39:29,89
18:39:32,90
18:39:35,89
18:39:38,89
18:39:41,89
18:39:44,89
18:39:47,89
18:39:50,89
18:39:51,89
18:39:53,88
18:39:54,88
18:39:57,88
18:40:00,89
18:40:03,89
18:40:05,90
18:40:08,90
18:40:09,90
18:40:12,90
18:40:15,90
18:40:18,91
18:40:20,92
18:40:22,93
18:40:25,93
18:40:28,93
18:40:31,93
18:40:34,93
18:40:37,93
18:40:40,93
18:40:43,93
18:40:46,94
18:40:49,94
18:40:50,93
18:40:53,93
18:40:56,93
18:40:58,92
18:40:59,92
18:41:02,92
18:41:05,92
18:41:06,92
18:41:09,92
18:41:12,92
18:41:15,92
18:41:18,92
18:41:21,92
18:41:22,92
18:41:25,92
18:41:28,92
18:41:31,92
18:41:34,92
18:41:37,92
18:41:40,92
18:41:41,91
18:41:44,91
18:41:47,90
18:41:50,89
18:41:51,89
18:41:52,88
18:41:55,88
18:41:58,88
18:42:01,88
18:42:04,88
18:42:07,88
18:42:08,88
18:42:10,89
18:42:13,90
18:42:16,90
18:42:17,91
18:42:20,91
18:42:21,92
18:42:24,93
18:42:27,92
18:42:30,92
18:42:33,92
18:42:36,92
18:42:39,92
18:42:40,91
18:42:41,91
18:42:44,91
18:42:47,91
18:42:48,90
18:42:49,91
18:42:52,91
18:42:55,91
18:42:58,91
18:43:00,91
18:43:03,91
18:43:04,92
18:43:05,91
18:43:06,92
18:43:07,91
18:43:10,91
18:43:13,91
18:43:16,91
18:43:17,91
18:43:20,91
18:43:23,91
18:43:26,91
18:43:29,91
18:43:32,91
18:43:35,91
18:43:38,91
18:43:41,91
18:43:44,91
18:43:47,91
18:43:50,91
18:43:51,90
18:43:54,89
18:43:57,89
18:44:00,89
18:44:03,89
18:44:06,88
18:44:09,88
18:44:12,88
18:44:14,89
18:44:17,89
18:44:20,89
18:44:21,89
18:44:24,90
18:44:26,91
18:44:29,91
18:44:32,91
18:44:35,91
18:44:37,92
18:44:38,93
18:44:40,94
18:44:42,95
18:44:45,95
18:44:46,96
18:44:49,96
18:44:52,96
18:44:55,96
18:44:58,95
18:45:01,95
18:45:04,95
18:45:07,95
18:45:10,95
18:45:13,95
18:45:16,95
18:45:19,95
18:45:22,94
18:45:25,94
18:45:28,94
18:45:30,93
18:45:31,93
18:45:34,93
18:45:37,93
18:45:39,92
18:45:42,92
18:45:43,91
18:45:46,91
18:45:48,90
18:45:51,90
18:45:54,90
18:45:57,90
18:46:00,90
18:46:03,90
18:46:06,90
18:46:09,90
18:46:12,89
18:46:15,89
18:46:18,89
18:46:19,88
18:46:22,88
18:46:25,88
18:46:28,88
18:46:31,88
18:46:34,88
18:46:37,88
18:46:40,88
18:46:43,88
18:46:44,88
18:46:47,89
18:46:48,88
18:46:51,88
18:46:53,87
18:46:56,86
18:46:58,85
18:47:00,85
18:47:03,85
18:47:06,85
18:47:07,86
18:47:10,86
18:47:13,86
18:47:16,86
18:47:19,86
18:47:22,87
18:47:25,87
18:47:28,87
18:47:31,87
18:47:34,87
18:47:37,87
18:47:40,87
18:47:43,87
18:47:46,87
18:47:49,87
18:47:52,87
18:47:55,87
18:47:56,87
18:47:59,87
18:48:02,87
18:48:05,87
18:48:08,87
18:48:11,87
18:48:14,87
18:48:17,87
18:48:20,87
18:48:23,87
18:48:26,87
18:48:29,87
18:48:32,87
18:48:34,86
18:48:37,86
18:48:38,85
18:48:41,85
18:48:44,86
18:48:46,87
18:48:48,88
18:48:51,88
18:48:54,88
18:48:56,87
18:48:59,87
18:49:02,87
18:49:05,87
18:49:08,87
18:49:09,87
18:49:12,87
18:49:15,87
18:49:18,87
18:49:21,87
18:49:24,87
18:49:26,87
18:49:27,87
18:49:30,87
18:49:33,87
18:49:36,87
18:49:39,88
18:49:40,89
18:49:43,90
18:49:46,90
18:49:49,90
18:49:52,90
18:49:55,90
18:49:58,90
18:49:59,89
18:50:02,89
18:50:05,89
18:50:08,89
18:50:11,89
18:50:14,89
18:50:17,89
18:50:20,89
18:50:21,89
18:50:24,89
18:50:25,90
18:50:27,91
18:50:30,92
18:50:33,92
18:50:34,91
18:50:37,91
18:50:40,91
18:50:41,90
18:50:44,90
18:50:47,90
18:50:49,91
18:50:50,91
18:50:53,91
18:50:55,92
18:50:58,92
18:51:01,92
18:51:04,92
18:51:07,92
18:51:10,92
18:51:13,92
18:51:16,92
18:51:19,92
18:51:22,92
18:51:25,92
18:51:28,92
18:51:29,92
18:51:32,92
18:51:35,92
18:51:38,92
18:51:40,92
18:51:41,93
18:51:44,94
18:51:47,94
18:51:49,95
18:51:52,95
18:51:55,95
18:51:58,95
18:52:01,95
18:52:04,95
18:52:07,95
18:52:10,95
18:52:13,95
18:52:16,95
18:52:19,95
18:52:22,95
18:52:25,96
18:52:26,97
18:52:29,97
18:52:30,98
18:52:33,98
18:52:36,98
18:52:38,97
18:52:39,97
18:52:42,97
18:52:45,97
18:52:47,98
18:52:50,98
18:52:51,99
18:52:54,98
18:52:56,100
18:52:57,101
18:52:58,102
18:53:01,102
18:53:02,101
18:53:04,100
18:53:07,99
18:53:10,100
18:53:11,101
18:53:12,102
18:53:15,102
18:53:16,103
18:53:19,103
18:53:20,102
18:53:21,102
18:53:22,104
18:53:23,105
18:53:25,105
18:53:28,104
18:53:29,105
18:53:30,104
18:53:31,103
18:53:32,102
18:53:33,103
18:53:35,102
18:53:37,101
18:53:38,100
18:53:40,99
18:53:42,98
18:53:44,97
18:53:47,97
18:53:48,99
18:53:49,100
18:53:50,101
18:53:51,102
18:53:52,103
18:53:54,104
18:53:55,103
18:53:58,103
18:54:01,103
18:54:04,103
18:54:07,102
18:54:09,103
18:54:12,103
18:54:15,104
18:54:16,105
18:54:19,105
18:54:20,105
18:54:23,105
18:54:26,105
18:54:29,105
18:54:30,106
18:54:32,105
18:54:34,104
18:54:35,103
18:54:38,103
18:54:41,103
18:54:44,103
18:54:47,103
18:54:49,104
18:54:50,105
18:54:52,106
18:54:53,106
18:54:54,105
18:54:57,105
18:54:58,105
18:55:01,105
18:55:02,104
18:55:05,104
18:55:08,104
18:55:11,104
18:55:14,104
18:55:16,105
18:55:17,104
18:55:18,104
18:55:19,102
18:55:22,102
18:55:25,102
18:55:28,102
18:55:31,102
18:55:34,101
18:55:35,100
18:55:38,100
18:55:41,99
18:55:43,101
18:55:46,101
18:55:49,101
18:55:51,100
18:55:52,102
18:55:53,105
18:55:56,105
18:55:59,105
18:56:02,105
18:56:05,105
18:56:08,105
18:56:09,106
18:56:11,107
18:56:14,107
18:56:16,106
18:56:17,105
18:56:18,106
18:56:19,105
18:56:20,106
18:56:22,107
18:56:24,108
18:56:26,107
18:56:29,107
18:56:32,107
18:56:35,107
18:56:37,109
18:56:38,110
18:56:39,111
18:56:42,112
18:56:43,113
18:56:45,114
18:56:47,113
18:56:48,109
18:56:49,106
18:56:50,105
18:56:51,104
18:56:52,103
18:56:54,105
18:56:57,105
18:57:00,105
18:57:03,105
18:57:06,105
18:57:09,106
18:57:12,106
18:57:13,105
18:57:14,104
18:57:17,104
18:57:18,105
18:57:20,106
18:57:21,107
18:57:22,106
18:57:24,107
18:57:27,107
18:57:28,106
18:57:31,106
18:57:32,107
18:57:34,109
18:57:35,111
18:57:37,112
18:57:40,112
18:57:43,112
18:57:46,112
18:57:49,112
18:57:52,112
18:57:54,114
18:57:55,113
18:57:57,112
18:58:00,111
18:58:01,110
18:58:04,113
18:58:05,114
18:58:06,116
18:58:07,115
18:58:10,115
18:58:13,115
18:58:16,115
18:58:19,115
18:58:21,117
18:58:24,117
18:58:27,118
18:58:28,119
18:58:29,118
18:58:30,116
18:58:31,117
18:58:32,115
18:58:33,113
18:58:34,111
18:58:35,109
18:58:36,107
18:58:37,106
18:58:38,105
18:58:39,105
18:58:40,106
18:58:43,106
18:58:46,106
18:58:49,106
18:58:52,106
18:58:55,106
18:58:56,106
18:58:59,106
18:59:01,105
18:59:04,103
18:59:05,104
18:59:06,106
18:59:07,107
18:59:08,106
18:59:09,105
18:59:11,104
18:59:14,104
18:59:17,104
18:59:19,103
18:59:21,102
18:59:22,101
18:59:23,101
18:59:25,102
18:59:26,103
18:59:28,104
18:59:29,105
18:59:32,105
18:59:35,105
18:59:38,105
18:59:41,105
18:59:44,105
18:59:47,105
18:59:50,104
18:59:51,104
18:59:54,104
18:59:56,105
18:59:57,104
19:00:00,103
19:00:01,104
19:00:02,106
19:00:03,108
19:00:05,107
19:00:08,108
19:00:09,110
19:00:10,111
19:00:11,112
19:00:12,112
19:00:15,111
19:00:18,111
19:00:20,112
19:00:23,112
19:00:26,113
19:00:27,114
19:00:28,115
19:00:29,116
19:00:30,116
19:00:31,115
19:00:32,114
19:00:33,113
19:00:34,112
19:00:35,111
19:00:38,112
19:00:39,113
19:00:42,112
19:00:43,111
19:00:44,110
19:00:45,109
19:00:46,108
19:00:47,107
19:00:48,106
19:00:49,105
19:00:52,107
19:00:54,106
19:00:56,108
19:00:57,110
19:00:58,112
19:00:59,114
19:01:00,116
19:01:01,117
19:01:02,116
19:01:03,117
19:01:04,118
19:01:07,118
19:01:10,118
19:01:13,118
19:01:16,118
19:01:19,118
19:01:20,119
19:01:23,119
19:01:24,120
19:01:27,120
19:01:29,121
19:01:32,122
19:01:35,122
19:01:38,122
19:01:39,123
19:01:40,124
19:01:41,125
19:01:44,125
19:01:47,126
19:01:49,127
19:01:50,128
19:01:52,129
19:01:53,128
19:01:54,126
19:01:55,124
19:01:58,123
19:02:00,123
19:02:03,123
19:02:06,123
19:02:09,123
19:02:12,123
19:02:15,123
19:02:18,123
19:02:19,124
19:02:22,125
19:02:25,125
19:02:28,125
19:02:31,123
19:02:34,123
19:02:37,124
19:02:40,124
19:02:41,125
19:02:44,125
19:02:45,126
19:02:48,126
19:02:51,125
19:02:53,124
19:02:54,125
19:02:55,124
19:02:57,123
19:03:00,123
19:03:01,122
19:03:02,121
19:03:03,120
19:03:05,119
19:03:06,118
19:03:08,117
19:03:10,115
19:03:13,114
19:03:16,115
19:03:17,115
19:03:20,114
19:03:22,113
19:03:23,114
19:03:26,114
19:03:27,113
19:03:30,112
19:03:31,111
19:03:32,110
19:03:34,109
19:03:37,109
19:03:39,108
19:03:40,108
19:03:43,108
19:03:44,109
19:03:47,109
19:03:50,109
19:03:53,109
19:03:55,108
19:03:56,107
19:03:58,106
19:03:59,105
19:04:01,104
19:04:03,103
19:04:05,102
19:04:08,102
19:04:11,101
19:04:12,99
19:04:14,98
19:04:15,97
19:04:16,96
19:04:17,95
19:04:18,94
19:04:19,93
19:04:20,92
19:04:21,92
19:04:23,92
19:04:26,93
19:04:29,93
19:04:32,93
19:04:35,93
19:04:38,93
19:04:40,94
19:04:41,95
19:04:42,97
19:04:45,97
19:04:46,96
19:04:49,97
19:04:50,98
19:04:51,99
19:04:52,100
19:04:53,102
19:04:55,101
19:04:56,100
19:04:57,99
19:05:00,99
19:05:01,98
19:05:02,100
19:05:03,103
19:05:04,105
19:05:05,107
19:05:06,109
19:05:07,110
19:05:08,111
19:05:10,110
19:05:13,109
19:05:16,109
19:05:19,109
19:05:22,109
19:05:25,109
19:05:26,110
19:05:28,111
19:05:29,113
19:05:30,114
19:05:32,113
19:05:35,114
19:05:38,114
19:05:39,113
19:05:42,112
19:05:44,112
19:05:45,111
19:05:46,110
19:05:48,109
19:05:50,108
19:05:52,107
19:05:54,106
19:05:55,106
19:05:56,105
19:05:59,106
19:06:02,106
19:06:05,105
19:06:06,105
19:06:09,105
19:06:12,105
19:06:13,104
19:06:16,103
19:06:19,103
19:06:22,103
19:06:25,103
19:06:28,103
19:06:31,103
19:06:34,103
19:06:37,103
19:06:40,103
19:06:41,103
19:06:44,103
19:06:46,102
19:06:49,102
19:06:50,102
19:06:53,102
19:06:56,102
19:06:59,102
19:07:02,102
19:07:05,102
19:07:08,102
19:07:11,102
19:07:12,102
19:07:15,102
19:07:16,101
19:07:19,100
19:07:22,100
19:07:25,100
19:07:26,99
19:07:27,98
19:07:30,98
19:07:31,99
19:07:34,99
19:07:36,100
19:07:39,100
19:07:42,100
19:07:44,101
19:07:47,101
19:07:50,101
19:07:53,101
19:07:54,100
19:07:55,99
19:07:56,90
19:07:57,90
19:08:00,90
19:08:03,90
19:08:06,90
19:08:07,91
19:08:10,91
19:08:13,91
19:08:14,92
19:08:16,93
19:08:17,94
19:08:20,94
19:08:23,94
19:08:26,95
19:08:27,96
19:08:29,95
19:08:32,95
19:08:35,95
19:08:38,95
19:08:40,96
19:08:43,97
19:08:44,96
19:08:45,97
19:08:48,97
19:08:51,97
19:08:52,97
19:08:55,97
19:08:56,96
19:08:58,95
19:09:01,95
19:09:02,94
19:09:04,93
19:09:07,93
19:09:10,93
19:09:13,93
19:09:16,93
19:09:19,93
19:09:22,93
19:09:25,93
19:09:28,93
19:09:30,93
19:09:32,92
19:09:35,93
19:09:36,94
19:09:38,95
19:09:41,96
19:09:43,96
19:09:46,96
19:09:49,96
19:09:52,96
19:09:55,96
19:09:58,96
19:09:59,96
19:10:02,96
19:10:05,96
19:10:08,96
19:10:11,96
19:10:14,96
19:10:17,96
19:10:20,96
19:10:23,95
19:10:26,95
19:10:29,95
19:10:32,95
19:10:35,95
19:10:38,95
19:10:39,96
19:10:42,96
19:10:45,96
19:10:48,96
19:10:51,96
19:10:54,95
19:10:57,95
19:10:58,96
19:11:00,97
19:11:03,96
19:11:05,95
19:11:08,94
19:11:09,95
19:11:10,95
19:11:12,96
19:11:14,97
19:11:17,97
19:11:19,98
19:11:22,98
19:11:25,98
19:11:27,99
19:11:28,98
19:11:29,99
19:11:32,99
19:11:35,99
19:11:38,98
19:11:41,98
19:11:44,98
19:11:47,98
19:11:50,98
19:11:53,98
19:11:54,99
19:11:57,99
19:12:00,99
19:12:03,99
19:12:06,99
19:12:09,99
19:12:10,98
19:12:13,98
19:12:14,97
19:12:15,97
19:12:16,96
19:12:19,96
19:12:22,96
19:12:25,96
19:12:28,96
19:12:31,96
19:12:34,96
19:12:37,96
19:12:40,96
19:12:43,96
19:12:46,96
19:12:47,95
19:12:50,95
19:12:53,95
19:12:56,95
19:12:59,95
19:13:02,95
19:13:05,95
19:13:08,95
19:13:11,95
19:13:14,95
19:13:17,95
19:13:20,95
19:13:23,95
19:13:25,94
19:13:27,95
19:13:28,95
19:13:31,96
19:13:34,96
19:13:37,96
19:13:38,96
19:13:40,97
19:13:42,96
19:13:45,96
19:13:46,97
19:13:49,97
19:13:50,96
19:13:53,96
19:13:54,95
19:13:57,95
19:14:00,94
19:14:02,94
19:14:05,94
19:14:08,94
19:14:11,93
19:14:13,93
19:14:16,93
19:14:17,92
19:14:19,92
19:14:20,91
19:14:23,91
19:14:26,91
19:14:29,91
19:14:30,91
19:14:33,91
19:14:36,91
19:14:39,90
19:14:42,90
19:14:45,89
19:14:48,89
19:14:51,89
19:14:53,88
19:14:54,89
19:14:57,90
19:15:00,90
19:15:03,90
19:15:04,89
19:15:07,89
19:15:10,89
19:15:13,89
19:15:16,88
19:15:19,87
19:15:22,87
19:15:24,86
19:15:27,86
19:15:30,86
19:15:33,87
19:15:36,87
19:15:39,87
19:15:42,87
19:15:43,87
19:15:46,87
19:15:49,87
19:15:52,87
19:15:54,88
19:15:56,87
19:15:59,87
19:16:00,86
19:16:03,86
19:16:06,86
19:16:09,86
19:16:12,86
19:16:15,86
19:16:18,86
19:16:21,86
19:16:24,86
19:16:27,86
19:16:30,86
19:16:31,87
19:16:34,87
19:16:37,87
19:16:39,86
19:16:42,86
19:16:45,86
19:16:47,87
19:16:49,86
19:16:52,86
19:16:53,86
19:16:56,86
19:16:59,86
19:17:02,86
19:17:05,86
19:17:08,86
19:17:11,86
19:17:14,86
19:17:17,86
19:17:20,87
19:17:22,88
19:17:24,89
19:17:27,89
19:17:30,89
19:17:32,90
19:17:34,91
19:17:35,92
19:17:37,93
19:17:39,93
19:17:42,93
19:17:45,93
19:17:46,92
19:17:49,92
19:17:50,91
19:17:53,91
19:17:56,91
19:17:59,91
19:18:00,91
19:18:03,91
19:18:06,91
19:18:09,91
19:18:11,92
19:18:14,92
19:18:17,92
19:18:18,91
19:18:21,91
19:18:24,91
19:18:26,90
19:18:29,90
19:18:32,90
19:18:35,89
19:18:38,89
19:18:41,89
19:18:44,89
19:18:46,88
19:18:49,88
19:18:50,87
19:18:53,87
19:18:56,87
19:18:59,87
19:19:02,87
19:19:04,86
19:19:05,87
19:19:08,87
19:19:09,87
19:19:10,88
19:19:13,88
19:19:16,88
19:19:18,89
19:19:20,90
19:19:21,91
19:19:22,92
19:19:25,92
19:19:28,92
19:19:30,92
19:19:33,92
19:19:34,92
19:19:37,92
19:19:40,91
19:19:43,91
19:19:46,91
19:19:49,91
19:19:52,91
19:19:55,91
19:19:58,91
19:20:01,91
19:20:04,91
19:20:06,92
19:20:07,93
19:20:09,94
19:20:12,94
19:20:13,94
19:20:16,94
19:20:19,94
19:20:22,94
19:20:24,93
19:20:27,93
19:20:30,93
19:20:33,93
19:20:36,93
19:20:39,93
19:20:42,94
19:20:43,95
19:20:44,96
19:20:45,97
19:20:46,98
19:20:49,98
19:20:50,99
19:20:53,99
19:20:54,98
19:20:55,99
19:20:57,98
19:21:00,98
19:21:03,98
19:21:06,98
19:21:09,98
19:21:12,98
19:21:15,98
19:21:16,98
19:21:19,98
19:21:22,98
19:21:25,98
19:21:28,98
19:21:31,98
19:21:34,97
19:21:37,97
19:21:40,96
19:21:43,96
19:21:46,96
19:21:49,96
19:21:50,95
19:21:53,95
19:21:54,96
19:21:56,95
19:21:59,94
19:22:02,94
19:22:04,93
19:22:07,94
19:22:10,94
19:22:13,93
19:22:16,93
19:22:17,94
19:22:19,95
19:22:21,96
19:22:24,96
19:22:25,96
19:22:27,95
19:22:30,95
19:22:32,94
19:22:33,94
19:22:35,93
19:22:38,93
19:22:41,93
19:22:44,93
19:22:47,93
19:22:50,93
19:22:53,93
19:22:55,92
19:22:57,91
19:23:00,91
19:23:03,91
19:23:06,91
19:23:08,90
19:23:09,90
19:23:10,89
19:23:13,89
19:23:16,89
19:23:19,89
19:23:22,89
19:23:25,89
19:23:28,89
19:23:31,89
19:23:32,89
19:23:34,88
19:23:37,88
19:23:38,87
19:23:41,87
19:23:44,87
19:23:47,87
19:23:48,87
19:23:51,87
19:23:54,87
19:23:57,87
19:24:00,87
19:24:03,87
19:24:05,88
19:24:07,87
19:24:10,88
19:24:13,88
19:24:16,88
19:24:17,88
19:24:20,88
19:24:23,88
19:24:25,88
19:24:28,88
19:24:31,88
19:24:34,88
19:24:37,88
19:24:39,87
19:24:40,87
19:24:43,87
19:24:46,87
19:24:49,87
19:24:52,87
19:24:55,88
19:24:57,89
19:24:59,90
19:25:02,90
19:25:05,90
19:25:08,90
19:25:11,90
19:25:14,90
19:25:17,90
19:25:19,91
19:25:22,91
19:25:24,90
19:25:27,90
19:25:30,90
19:25:33,90
19:25:36,89
19:25:39,89
19:25:42,89
19:25:45,89
19:25:48,89
19:25:49,88
19:25:52,88
19:25:53,88
19:25:55,88
19:25:58,87
19:26:01,86
19:26:04,86
19:26:05,86
19:26:08,86
19:26:11,86
19:26:13,85
19:26:16,85
19:26:19,85
19:26:22,85
19:26:25,85
19:26:28,85
19:26:31,85
19:26:34,85
19:26:36,86
19:26:38,85
19:26:41,85
19:26:44,85
19:26:47,85
19:26:50,85
19:26:53,85
19:26:56,85
19:26:59,85
19:27:01,86
19:27:04,87
19:27:05,87
19:27:08,88
19:27:10,89
19:27:13,90
19:27:16,91
19:27:19,91
19:27:22,91
19:27:25,91
19:27:28,91
19:27:31,91
19:27:34,92
19:27:37,92
19:27:38,93
19:27:41,93
19:27:44,93
19:27:47,93
19:27:50,93
19:27:52,92
19:27:55,92
19:27:57,93
19:27:58,94
19:28:01,94
19:28:04,94
19:28:07,94
19:28:09,95
19:28:12,95
19:28:15,95
19:28:16,95
19:28:19,95
19:28:22,95
19:28:25,94
19:28:28,94
19:28:31,95
19:28:33,96
19:28:36,95
19:28:38,94
19:28:41,94
19:28:44,94
19:28:46,93
19:28:49,93
19:28:52,93
19:28:55,93
19:28:58,93
19:28:59,93
19:29:02,94
19:29:05,95
19:29:08,95
19:29:09,96
19:29:12,97
19:29:13,99
19:29:14,100
19:29:15,101
19:29:17,100
19:29:18,101
19:29:19,103
19:29:20,104
19:29:21,105
19:29:22,106
19:29:25,106
19:29:28,106
19:29:31,106
19:29:32,105
19:29:35,105
19:29:38,105
19:29:41,105
19:29:44,105
19:29:45,105
19:29:48,105
19:29:51,105
19:29:54,105
19:29:57,105
19:30:00,105
19:30:03,105
19:30:06,105
19:30:09,104
19:30:12,104
19:30:13,105
19:30:16,105
19:30:19,105
19:30:22,106
19:30:25,107
19:30:26,107
19:30:29,106
19:30:32,106
19:30:35,106
19:30:38,106
19:30:41,106
19:30:44,106
19:30:45,108
19:30:48,108
19:30:49,107
19:30:50,106
19:30:52,105
19:30:53,106
19:30:54,108
19:30:55,110
19:30:56,111
19:30:57,112
19:30:58,114
19:31:01,114
19:31:04,113
19:31:05,112
19:31:07,111
19:31:09,110
19:31:10,111
19:31:12,112
19:31:13,111
19:31:14,110
19:31:15,106
19:31:16,104
19:31:19,104
19:31:22,104
19:31:25,104
19:31:28,104
19:31:31,104
19:31:34,104
19:31:37,104
19:31:40,104
19:31:43,104
19:31:46,104
19:31:49,104
19:31:52,104
19:31:55,104
19:31:58,104
19:32:01,104
19:32:03,104
19:32:06,104
19:32:09,104
19:32:12,104
19:32:15,104
19:32:17,104
19:32:19,106
19:32:21,107
19:32:22,108
19:32:24,107
19:32:25,107
19:32:26,106
19:32:29,106
19:32:31,105
19:32:34,105
19:32:37,105
19:32:40,105
19:32:43,105
19:32:46,105
19:32:49,105
19:32:52,105
19:32:55,105
19:32:58,105
19:33:01,105
19:33:04,105
19:33:07,105
19:33:08,106
19:33:09,105
19:33:10,104
19:33:13,104
19:33:16,104
19:33:19,104
19:33:22,104
19:33:25,104
19:33:26,105
19:33:27,104
19:33:28,105
19:33:29,106
19:33:31,107
19:33:32,106
19:33:33,107
19:33:36,108
19:33:39,108
19:33:42,108
19:33:45,108
19:33:46,106
19:33:48,105
19:33:49,104
19:33:50,103
19:33:51,102
19:33:54,102
19:33:57,102
19:34:00,102
19:34:03,102
19:34:06,102
19:34:09,102
19:34:12,102
19:34:15,102
19:34:18,102
19:34:21,102
19:34:24,102
19:34:27,102
19:34:30,102
19:34:33,102
19:34:34,102
19:34:37,102
19:34:40,102
19:34:43,102
19:34:46,102
19:34:47,102
19:34:50,102
19:34:53,102
19:34:55,103
19:34:56,103
19:34:58,104
19:34:59,105
19:35:00,106
19:35:01,107
19:35:02,108
19:35:05,109
19:35:06,110
19:35:09,110
19:35:12,110
19:35:15,110
19:35:18,110
19:35:20,110
19:35:23,110
19:35:26,111
19:35:29,112
19:35:30,113
19:35:33,113
19:35:34,113
19:35:37,113
19:35:40,113
19:35:43,113
19:35:46,113
19:35:49,113
19:35:52,113
19:35:55,113
19:35:58,113
19:36:01,113
19:36:04,113
19:36:06,112
19:36:09,112
19:36:12,112
19:36:13,111
19:36:14,110
19:36:15,108
19:36:16,106
19:36:17,104
19:36:18,102
19:36:19,101
19:36:22,101
19:36:25,101
19:36:28,101
19:36:31,102
19:36:32,104
19:36:33,106
19:36:34,107
19:36:35,109
19:36:36,110
19:36:37,109
19:36:38,108
19:36:41,108
19:36:42,107
19:36:45,107
19:36:48,107
19:36:51,107
19:36:54,107
19:36:57,107
19:37:00,107
19:37:03,107
19:37:04,108
19:37:07,109
19:37:10,109
19:37:11,108
19:37:14,108
19:37:15,107
19:37:18,107
19:37:21,107
19:37:22,108
19:37:25,108
19:37:28,108
19:37:31,108
19:37:34,108
19:37:35,109
19:37:38,108
19:37:41,107
19:37:43,106
19:37:45,105
19:37:47,106
19:37:48,108
19:37:51,108
19:37:54,108
19:37:57,108
19:37:58,108
19:38:00,109
19:38:03,109
19:38:05,109
19:38:08,109
19:38:11,109
19:38:14,109
19:38:15,110
19:38:17,111
19:38:20,112
19:38:21,111
19:38:24,110
19:38:25,109
19:38:28,109
19:38:29,109
19:38:32,108
19:38:34,107
19:38:35,107
19:38:38,106
19:38:40,105
19:38:42,104
19:38:43,103
19:38:45,100
19:38:46,98
19:38:47,97
19:38:48,96
19:38:49,95
19:38:51,94
19:38:53,93
19:38:56,93
19:38:59,93
19:39:02,93
19:39:05,93
19:39:08,93
19:39:11,94
19:39:14,94
19:39:15,95
19:39:18,96
19:39:20,97
19:39:21,98
19:39:23,99
19:39:26,99
19:39:29,98
19:39:32,98
19:39:33,98
19:39:34,99
19:39:37,99
19:39:40,99
19:39:43,99
19:39:46,99
19:39:47,100
19:39:49,101
19:39:50,102
19:39:52,103
19:39:55,103
19:39:58,103
19:40:01,103
19:40:04,103
19:40:07,101
19:40:10,101
19:40:13,99
19:40:16,99
19:40:19,99
19:40:22,99
19:40:25,99
19:40:26,100
19:40:27,102
19:40:28,104
19:40:29,105
19:40:30,106
19:40:31,108
19:40:32,108
19:40:33,108
19:40:36,108
19:40:39,108
19:40:42,108
19:40:44,108
19:40:47,108
19:40:50,108
19:40:51,108
19:40:54,108
19:40:56,108
19:40:58,107
19:41:01,107
19:41:03,106
19:41:05,105
19:41:06,104
19:41:08,103
19:41:09,102
19:41:11,101
19:41:14,100
19:41:17,100
19:41:18,101
19:41:19,102
19:41:20,104
19:41:23,105
19:41:26,105
19:41:28,104
19:41:29,104
19:41:32,104
19:41:33,105
19:41:36,106
19:41:37,105
19:41:38,106
19:41:39,105
19:41:42,105
19:41:45,105
19:41:48,105
19:41:50,105
19:41:53,105
19:41:56,105
19:41:59,105
19:42:02,105
19:42:05,106
19:42:06,107
19:42:07,108
19:42:08,110
19:42:11,110
19:42:13,109
19:42:14,108
19:42:16,107
19:42:19,107
19:42:22,107
19:42:25,107
19:42:28,107
19:42:29,107
19:42:32,107
19:42:33,107
19:42:35,107
19:42:37,107
19:42:40,107
19:42:42,107
19:42:43,107
19:42:46,107
19:42:49,107
19:42:52,107
19:42:55,107
19:42:58,107
19:43:01,107
19:43:04,107
19:43:07,107
19:43:10,107
19:43:13,107
19:43:16,107
19:43:19,107
19:43:20,108
19:43:22,109
19:43:25,108
19:43:26,107
19:43:27,106
19:43:30,105
19:43:31,104
19:43:32,103
19:43:33,102
19:43:36,102
19:43:39,102
19:43:42,102
19:43:45,102
19:43:48,102
19:43:51,102
19:43:54,99
19:43:55,98
19:43:56,99
19:43:58,100
19:44:00,101
19:44:03,101
19:44:05,102
19:44:06,105
19:44:07,107
19:44:10,107
19:44:13,107
19:44:16,107
19:44:19,107
19:44:22,107
19:44:25,107
19:44:28,107
19:44:31,107
19:44:34,107
19:44:37,107
19:44:38,107
19:44:41,107
19:44:44,107
19:44:47,107
19:44:48,108
19:44:51,108
19:44:54,108
19:44:55,108
19:44:58,108
19:45:01,108
19:45:04,107
19:45:07,107
19:45:10,107
19:45:13,107
19:45:16,107
19:45:18,106
19:45:21,106
19:45:24,106
19:45:27,106
19:45:30,105
19:45:31,101
19:45:32,100
19:45:33,99
19:45:36,99
19:45:39,99
19:45:42,99
19:45:45,99
19:45:46,99
19:45:49,99
19:45:52,99
19:45:55,99
19:45:58,99
19:46:00,99
19:46:03,99
19:46:05,99
19:46:07,100
19:46:09,101
19:46:10,102
19:46:11,103
19:46:12,104
19:46:14,105
19:46:17,105
19:46:20,105
19:46:23,105
19:46:26,104
19:46:27,105
19:46:28,106
19:46:29,107
19:46:32,108
19:46:35,108
19:46:38,107
19:46:39,106
19:46:42,106
19:46:45,106
19:46:46,106
19:46:49,106
19:46:52,106
19:46:55,106
19:46:58,106
19:47:01,106
19:47:04,107
19:47:06,108
19:47:09,108
19:47:10,109
19:47:12,110
19:47:13,109
19:47:14,110
19:47:17,110
19:47:20,110
19:47:23,110
19:47:26,110
19:47:29,110
19:47:32,110
19:47:35,110
19:47:37,110
19:47:38,111
19:47:39,110
19:47:42,110
19:47:45,110
19:47:48,110
19:47:51,110
19:47:52,110
19:47:54,109
19:47:55,108
19:47:57,107
19:47:58,106
19:48:01,106
19:48:04,106
19:48:07,106
19:48:10,106
19:48:11,107
19:48:12,108
19:48:15,108
19:48:18,108
19:48:21,108
19:48:24,108
19:48:27,108
19:48:30,108
19:48:33,108
19:48:36,108
19:48:39,108
19:48:42,108
19:48:45,108
19:48:48,108
19:48:51,108
19:48:54,108
19:48:57,108
19:49:00,108
19:49:01,108
19:49:03,108
19:49:04,108
19:49:07,108
19:49:10,108
19:49:13,108
19:49:16,108
19:49:19,108
19:49:22,108
19:49:25,108
19:49:27,109
19:49:28,110
19:49:30,111
19:49:33,111
19:49:36,111
19:49:39,111
19:49:42,111
19:49:45,111
19:49:48,111
19:49:51,111
19:49:53,110
19:49:54,111
19:49:57,111
19:50:00,111
19:50:03,111
19:50:06,111
19:50:09,111
19:50:10,111
19:50:13,111
19:50:16,111
19:50:19,111
19:50:22,111
19:50:25,111
19:50:28,111
19:50:31,111
19:50:34,111
19:50:37,111
19:50:40,111
19:50:43,111
19:50:44,112
19:50:45,113
19:50:47,113
19:50:49,113
19:50:52,115
19:50:53,117
19:50:56,117
19:50:57,118
19:51:00,118
19:51:03,119
19:51:04,120
19:51:05,121
19:51:08,120
19:51:09,117
19:51:10,116
19:51:11,117
19:51:12,118
19:51:14,119
19:51:15,120
19:51:16,120
19:51:19,120
19:51:22,120
19:51:25,120
19:51:28,120
19:51:30,121
19:51:33,121
19:51:36,121
19:51:39,121
19:51:42,121
19:51:45,121
19:51:48,121
19:51:51,121
19:51:54,121
19:51:55,121
19:51:56,121
19:51:57,122
19:52:00,122
19:52:03,122
19:52:06,122
19:52:09,122
19:52:10,121
19:52:13,121
19:52:14,121
19:52:17,121
19:52:20,121
19:52:23,121
19:52:26,121
19:52:29,121
19:52:32,121
19:52:35,121
19:52:38,120
19:52:39,119
19:52:41,118
19:52:44,118
19:52:47,118
19:52:50,118
19:52:53,118
19:52:56,118
19:52:59,117
19:53:00,116
19:53:01,115
19:53:02,113
19:53:04,115
19:53:07,115
19:53:08,114
19:53:10,113
19:53:11,112
19:53:12,111
19:53:15,111
19:53:16,111
19:53:17,110
19:53:20,110
19:53:23,110
19:53:26,110
19:53:29,110
19:53:32,110
19:53:35,110
19:53:38,110
19:53:41,110
19:53:44,110
19:53:45,109
19:53:47,108
19:53:49,107
19:53:50,107
19:53:53,107
19:53:55,106
19:53:56,106
19:53:57,105
19:53:59,104
19:54:00,103
19:54:03,103
19:54:06,103
19:54:09,103
19:54:12,103
19:54:15,103
19:54:17,104
19:54:18,104
19:54:21,105
19:54:23,104
19:54:24,103
19:54:27,104
19:54:30,104
19:54:33,104
19:54:35,105
19:54:36,106
19:54:38,107
19:54:40,107
19:54:41,107
19:54:44,107
19:54:47,105
19:54:49,104
19:54:50,103
19:54:52,102
19:54:53,101
19:54:55,100
19:54:58,101
19:54:59,104
19:55:00,105
19:55:01,107
19:55:04,107
19:55:06,108
19:55:09,108
19:55:12,108
19:55:13,108
19:55:16,109
19:55:19,109
19:55:22,109
19:55:25,109
19:55:28,109
19:55:29,110
19:55:32,110
19:55:35,111
19:55:38,111
19:55:41,111
19:55:44,110
19:55:45,109
19:55:47,107
19:55:48,106
19:55:49,105
19:55:51,104
19:55:54,104
19:55:56,104
19:55:59,104
19:56:02,104
19:56:05,104
19:56:08,105
19:56:10,106
19:56:11,107
19:56:12,108
19:56:14,109
19:56:15,109
19:56:17,109
19:56:20,109
19:56:22,110
19:56:25,110
19:56:28,110
19:56:31,110
19:56:34,110
19:56:36,110
19:56:37,110
19:56:38,109
19:56:39,108
19:56:40,106
19:56:41,105
19:56:42,104
19:56:45,105
19:56:48,106
19:56:49,106
19:56:52,106
19:56:55,106
19:56:56,106
19:56:58,106
19:57:01,106
19:57:04,106
19:57:05,105
19:57:06,104
19:57:09,105
19:57:10,104
19:57:13,105
19:57:16,105
19:57:19,105
19:57:22,105
19:57:23,106
19:57:25,107
19:57:28,108
19:57:31,109
19:57:32,110
19:57:35,110
19:57:38,110
19:57:41,110
19:57:44,109
19:57:45,108
19:57:46,107
19:57:47,105
19:57:48,104
19:57:51,104
19:57:52,104
19:57:55,104
19:57:58,104
19:58:01,104
19:58:04,104
19:58:07,104
19:58:10,104
19:58:13,104
19:58:14,104
19:58:17,104
19:58:18,106
19:58:19,109
19:58:20,110
19:58:23,110
19:58:26,110
19:58:27,109
19:58:30,109
19:58:33,109
19:58:35,108
19:58:37,107
19:58:40,107
19:58:41,106
19:58:44,107
19:58:47,107
19:58:50,107
19:58:52,108
19:58:53,109
19:58:56,109
19:58:59,109
19:59:00,108
19:59:02,109
19:59:04,106
19:59:05,107
19:59:07,108
19:59:09,109
19:59:10,109
19:59:13,109
19:59:16,109
19:59:19,109
19:59:20,108
19:59:21,106
19:59:22,105
19:59:23,104
19:59:24,105
19:59:27,105
19:59:30,105
19:59:33,105
19:59:36,105
19:59:38,105
19:59:39,105
19:59:42,105
19:59:45,105
19:59:48,105
19:59:51,106
19:59:54,106
19:59:57,107
20:00:00,107
20:00:01,108
20:00:02,109
20:00:03,110
20:00:04,111
20:00:05,112
20:00:06,114
20:00:09,113
20:00:10,111
20:00:11,110
20:00:12,111
20:00:14,111
20:00:17,111
20:00:19,113
20:00:21,114
20:00:24,114
20:00:27,113
20:00:30,113
20:00:33,113
20:00:36,113
20:00:39,113
20:00:40,113
20:00:43,113
20:00:46,113
20:00:49,113
20:00:52,113
20:00:55,113
20:00:58,113
20:01:01,113
20:01:04,113
20:01:07,113
20:01:10,113
20:01:13,113
20:01:14,113
20:01:17,113
20:01:18,112
20:01:19,111
20:01:20,110
20:01:21,108
20:01:22,107
20:01:23,106
20:01:24,104
20:01:25,103
20:01:27,102
20:01:30,102
20:01:33,102
20:01:36,102
20:01:39,102
20:01:42,102
20:01:45,102
20:01:48,102
20:01:51,102
20:01:54,102
20:01:57,102
20:02:00,102
20:02:03,102
20:02:06,102
20:02:09,102
20:02:11,103
20:02:12,104
20:02:13,104
20:02:16,103
20:02:17,102
20:02:19,101
20:02:20,100
20:02:22,101
20:02:25,101
20:02:28,101
20:02:31,101
20:02:34,101
20:02:37,101
20:02:40,101
20:02:42,101
20:02:45,102
20:02:48,107
20:02:49,108
20:02:50,107
20:02:51,105
20:02:52,102
20:02:55,101
20:02:57,100
20:02:58,101
20:02:59,102
20:03:00,103
20:03:02,104
20:03:06,103
20:03:08,102
20:03:09,101
20:03:11,102
20:03:12,101
20:03:15,101
20:03:18,102
20:03:20,103
20:03:23,102
20:03:26,102
20:03:29,103
20:03:32,103
20:03:35,102
20:03:38,102
20:03:41,102
20:03:44,103
20:03:47,103
20:03:50,103
20:03:53,103
20:03:54,104
20:03:56,105
20:03:57,106
20:04:00,106
20:04:03,106
20:04:06,106
20:04:09,106
20:04:11,107
20:04:12,107
20:04:15,107
20:04:18,106
20:04:21,106
20:04:24,106
20:04:27,106
20:04:30,106
20:04:33,106
20:04:36,106
20:04:39,106
20:04:42,105
20:04:43,104
20:04:46,104
20:04:49,104
20:04:52,104
20:04:55,104
20:04:56,103
20:04:58,102
20:05:01,102
20:05:04,102
20:05:07,102
20:05:10,102
20:05:13,102
20:05:16,104
20:05:17,106
20:05:18,108
20:05:19,109
20:05:20,110
20:05:23,110
20:05:26,109
20:05:27,108
20:05:28,107
20:05:30,106
20:05:32,105
20:05:34,104
20:05:35,103
20:05:37,102
20:05:38,101
20:05:39,99
20:05:41,98
20:05:44,98
20:05:47,98
20:05:50,98
20:05:53,98
20:05:56,98
20:05:59,98
20:06:02,98
20:06:05,98
20:06:08,98
20:06:11,98
20:06:14,98
20:06:17,98
20:06:20,98
20:06:23,98
20:06:24,98
20:06:27,98
20:06:30,98
20:06:33,99
20:06:36,99
20:06:39,99
20:06:42,99
20:06:45,99
20:06:48,99
20:06:50,98
20:06:53,98
20:06:56,99
20:06:57,100
20:07:00,100
20:07:03,100
20:07:06,100
20:07:09,100
20:07:12,100
20:07:15,100
20:07:17,101
20:07:20,101
20:07:23,101
20:07:26,101
20:07:29,101
20:07:30,101
20:07:33,101
20:07:36,101
20:07:37,101
20:07:40,101
20:07:43,101
20:07:44,101
20:07:46,100
20:07:49,100
20:07:51,103
20:07:52,104
20:07:53,105
20:07:56,105
20:07:59,105
20:08:01,104
20:08:02,103
20:08:04,104
20:08:07,104
20:08:08,103
20:08:09,102
20:08:10,101
20:08:11,100
20:08:13,102
20:08:14,103
20:08:15,104
20:08:16,107
20:08:18,108
20:08:19,109
20:08:20,108
20:08:21,107
20:08:22,107
20:08:23,106
20:08:24,104
20:08:25,103
20:08:26,105
20:08:29,105
20:08:32,105
20:08:35,105
20:08:38,106
20:08:40,107
20:08:41,108
20:08:44,109
20:08:47,109
20:08:48,110
20:08:49,109
20:08:51,108
20:08:52,106
20:08:53,105
20:08:54,104
20:08:56,105
20:08:57,104
20:08:59,103
20:09:01,102
20:09:03,101
20:09:06,101
20:09:08,101
20:09:11,101
20:09:12,101
20:09:15,101
20:09:18,101
20:09:21,101
20:09:24,101
20:09:27,101
20:09:30,101
20:09:31,100
20:09:33,99
20:09:36,99
20:09:39,99
20:09:42,99
20:09:45,99
20:09:48,99
20:09:51,99
20:09:54,99
20:09:56,100
20:09:59,100
20:10:02,100
20:10:03,94
20:10:04,93
20:10:05,94
20:10:08,94
20:10:11,93
20:10:12,92
20:10:15,92
20:10:18,92
20:10:19,91
20:10:22,91
20:10:25,91
20:10:28,91
20:10:31,91
20:10:34,90
20:10:36,89
20:10:39,89
20:10:42,89
20:10:45,89
20:10:48,89
20:10:51,89
20:10:52,88
20:10:55,88
20:10:58,88
20:11:01,88
20:11:04,88
20:11:07,88
20:11:10,89
20:11:13,89
20:11:16,89
20:11:18,88
20:11:20,87
20:11:23,87
20:11:26,88
20:11:28,87
20:11:31,87
20:11:32,87
20:11:35,87
20:11:38,87
20:11:41,87
20:11:44,87
20:11:47,87
20:11:50,87
20:11:53,87
20:11:56,87
20:11:59,87
20:12:02,87
20:12:05,86
20:12:08,85
20:12:11,85
20:12:14,85
20:12:17,85
20:12:20,85
20:12:23,85
20:12:26,86
20:12:29,86
20:12:32,86
20:12:35,87
20:12:38,88
20:12:41,89
20:12:42,90
20:12:45,90
20:12:48,90
20:12:49,90
20:12:50,90
20:12:53,90
20:12:54,91
20:12:57,92
20:13:00,93
20:13:02,94
20:13:03,97
20:13:04,100
20:13:05,102
20:13:06,103
20:13:07,104
20:13:08,105
20:13:10,106
20:13:12,107
20:13:14,106
20:13:17,106
20:13:20,106
20:13:21,105
20:13:23,106
20:13:26,106
20:13:29,106
20:13:31,105
20:13:34,104
20:13:36,103
20:13:39,103
20:13:42,102
20:13:43,102
20:13:45,101
20:13:48,101
20:13:51,101
20:13:54,101
20:13:57,101
20:13:59,102
20:14:02,102
20:14:03,103
20:14:06,103
20:14:08,104
20:14:09,105
20:14:10,106
20:14:11,107
20:14:14,107
20:14:15,106
20:14:17,106
20:14:19,107
20:14:22,107
20:14:25,107
20:14:27,108
20:14:30,109
20:14:31,110
20:14:32,111
20:14:33,112
20:14:35,113
20:14:37,114
20:14:38,114
20:14:39,115
20:14:42,114
20:14:44,113
20:14:47,113
20:14:48,112
20:14:50,112
20:14:51,111
20:14:53,110
20:14:56,110
20:14:58,111
20:15:01,112
20:15:02,113
20:15:03,114
20:15:06,113
20:15:09,113
20:15:12,113
20:15:13,112
20:15:16,112
20:15:19,112
20:15:22,112
20:15:25,112
20:15:28,112
20:15:31,112
20:15:32,111
20:15:33,110
20:15:35,108
20:15:36,107
20:15:37,106
20:15:38,105
20:15:39,104
20:15:40,103
20:15:41,102
20:15:42,101
20:15:43,100
20:15:45,101
20:15:48,101
20:15:51,101
20:15:54,101
20:15:57,100
20:15:58,98
20:15:59,97
20:16:00,96
20:16:01,94
20:16:02,93
20:16:05,93
20:16:07,92
20:16:10,92
20:16:13,92
20:16:16,91
20:16:19,91
20:16:21,91
20:16:22,91
20:16:23,91
20:16:24,91
20:16:26,92
20:16:27,93
20:16:28,94
20:16:31,94
20:16:34,94
20:16:37,94
20:16:40,94
20:16:43,94
20:16:46,94
20:16:48,95
20:16:49,98
20:16:51,99
20:16:52,102
20:16:54,103
20:16:55,105
20:16:58,105
20:17:00,105
20:17:02,107
20:17:03,107
20:17:04,106
20:17:05,106
20:17:08,106
20:17:10,105
20:17:13,105
20:17:16,105
20:17:18,104
20:17:19,104
20:17:20,105
20:17:21,104
20:17:23,104
20:17:26,104
20:17:27,103
20:17:28,102
20:17:30,102
20:17:31,102
20:17:32,101
20:17:34,100
20:17:35,99
20:17:36,93
20:17:37,92
20:17:40,92
20:17:42,91
20:17:45,91
20:17:47,90
20:17:50,89
20:17:51,88
20:17:54,88
20:17:55,87
20:17:58,86
20:18:01,86
20:18:04,86
20:18:07,86
20:18:10,86
20:18:11,87
20:18:12,87
20:18:14,88
20:18:16,89
20:18:18,90
20:18:20,91
20:18:22,92
20:18:25,92
20:18:26,91
20:18:27,91
20:18:28,91
20:18:31,92
20:18:32,93
20:18:33,93
20:18:35,92
20:18:38,92
20:18:39,91
20:18:42,91
20:18:43,90
20:18:46,90
20:18:49,90
20:18:52,89
20:18:55,89
20:18:58,89
20:18:59,88
20:19:02,88
20:19:05,88
20:19:06,88
20:19:09,88
20:19:10,89
20:19:13,89
20:19:14,91
20:19:15,95
20:19:18,97
20:19:19,99
20:19:20,102
20:19:21,104
20:19:22,106
20:19:24,95
20:19:25,92
20:19:26,91
20:19:27,90
20:19:28,89
20:19:30,88
20:19:32,87
20:19:33,87
20:19:36,87
20:19:39,87
20:19:41,86
20:19:44,86
20:19:46,85
20:19:49,85
20:19:52,85
20:19:53,85
20:19:56,85
20:19:59,85
20:20:01,87
20:20:02,88
20:20:05,88
20:20:08,88
20:20:11,88
20:20:14,88
20:20:17,88
20:20:18,88
20:20:21,88
20:20:24,88
20:20:26,89
20:20:29,90
20:20:32,90
20:20:35,90
20:20:38,90
20:20:41,90
20:20:43,90
20:20:46,90
20:20:49,90
20:20:52,90
20:20:55,90
20:20:58,90
20:21:01,90
20:21:04,90
20:21:05,90
20:21:08,90
20:21:11,90
20:21:14,90
20:21:17,90
20:21:20,90
20:21:23,90
20:21:25,91
20:21:27,93
20:21:28,96
20:21:29,98
20:21:30,100
20:21:31,102
20:21:34,102
20:21:37,102
20:21:40,102
20:21:43,102
20:21:46,102
20:21:49,102
20:21:52,102
20:21:55,102
20:21:58,102
20:22:01,101
20:22:04,101
20:22:07,101
20:22:10,101
20:22:13,101
20:22:14,101
20:22:17,101
20:22:20,101
20:22:23,101
20:22:26,101
20:22:29,101
20:22:32,101
20:22:35,101
20:22:38,101
20:22:41,101
20:22:43,101
20:22:46,101
20:22:48,101
20:22:51,101
20:22:53,101
20:22:56,101
20:22:59,101
20:23:02,101
20:23:03,101
20:23:06,101
20:23:08,101
20:23:10,100
20:23:13,100
20:23:15,99
20:23:16,100
20:23:17,99
20:23:20,99
20:23:21,99
20:23:24,99
20:23:27,99
20:23:30,99
20:23:33,99
20:23:36,99
20:23:39,99
20:23:42,99
20:23:44,98
20:23:47,98
20:23:48,97
20:23:50,96
20:23:53,96
20:23:56,96
20:23:59,96
20:24:02,96
20:24:05,96
20:24:08,95
20:24:10,94
20:24:13,94
20:24:16,94
20:24:19,94
20:24:22,94
20:24:25,94
20:24:28,94
20:24:31,94
20:24:34,94
20:24:35,94
20:24:38,94
20:24:40,95
20:24:43,95
20:24:46,95
20:24:49,95
20:24:52,95
20:24:55,95
20:24:58,95
20:25:00,96
20:25:03,97
20:25:06,96
20:25:08,97
20:25:11,98
20:25:14,99
20:25:17,99
20:25:19,100
20:25:22,100
20:25:25,100
20:25:28,99
20:25:30,100
20:25:33,100
20:25:34,99
20:25:37,99
20:25:40,99
20:25:43,99
20:25:45,100
20:25:46,104
20:25:47,107
20:25:48,110
20:25:49,111
20:25:51,110
20:25:53,109
20:25:55,108
20:25:58,108
20:26:00,107
20:26:02,106
20:26:03,105
20:26:05,104
20:26:07,103
20:26:10,103
20:26:13,103
20:26:16,102
20:26:19,101
20:26:21,100
20:26:24,99
20:26:26,98
20:26:28,97
20:26:30,96
20:26:33,95
20:26:36,95
20:26:39,95
20:26:42,95
20:26:45,95
20:26:46,95
20:26:49,95
20:26:50,96
20:26:52,97
20:26:55,97
20:26:56,96
20:26:59,96
20:27:02,97
20:27:05,97
20:27:06,98
20:27:09,97
20:27:12,96
20:27:13,95
20:27:14,94
20:27:16,93
20:27:19,93
20:27:22,93
20:27:25,93
20:27:28,93
20:27:31,93
20:27:34,93
20:27:37,93
20:27:38,94
20:27:41,94
20:27:42,96
20:27:43,100
20:27:45,99
20:27:46,99
20:27:47,100
20:27:50,100
20:27:53,100
20:27:56,100
20:27:59,100
20:28:02,100
20:28:05,103
20:28:08,104
20:28:09,107
20:28:12,107
20:28:15,107
20:28:18,107
20:28:21,107
20:28:24,107
20:28:27,108
20:28:28,111
20:28:29,114
20:28:32,114
20:28:35,114
20:28:38,114
20:28:41,114
20:28:44,114
20:28:47,114
20:28:50,114
20:28:53,114
20:28:56,114
20:28:57,114
20:29:00,114
20:29:03,114
20:29:06,114
20:29:09,114
20:29:12,114
20:29:15,114
20:29:18,114
20:29:21,114
20:29:24,114
20:29:27,114
20:29:30,114
20:29:33,114
20:29:36,114
20:29:39,114
20:29:40,115
20:29:42,116
20:29:43,117
20:29:46,116
20:29:48,115
20:29:50,116
20:29:51,117
20:29:54,117
20:29:57,117
20:30:00,117
20:30:03,117
20:30:06,117
20:30:09,117
20:30:12,117
20:30:15,117
20:30:18,117
20:30:19,116
20:30:20,115
20:30:23,115
20:30:26,115
20:30:27,114
20:30:29,113
20:30:31,119
20:30:32,118
20:30:33,117
20:30:36,117
20:30:37,118
20:30:38,119
20:30:39,120
20:30:40,119
20:30:42,118
20:30:44,117
20:30:47,117
20:30:50,118
20:30:53,117
20:30:54,116
20:30:55,115
20:30:56,114
20:30:57,113
20:30:58,112
20:31:00,111
20:31:01,110
20:31:02,109
20:31:04,108
20:31:05,106
20:31:06,105
20:31:07,103
20:31:08,102
20:31:09,100
20:31:12,99
20:31:14,86
20:31:15,83
20:31:16,84
20:31:19,84
20:31:20,85
20:31:23,85
20:31:26,85
20:31:28,85
20:31:31,86
20:31:33,87
20:31:34,87
20:31:37,87
20:31:40,88
20:31:42,88
20:31:45,89
20:31:46,89
20:31:49,89
20:31:52,89
20:31:55,89
20:31:58,89
20:31:59,89
20:32:02,89
20:32:05,89
20:32:08,89
20:32:11,89
20:32:14,89
20:32:15,90
20:32:18,90
20:32:21,90
20:32:24,90
20:32:27,90
20:32:28,89
20:32:29,90
20:32:32,91
20:32:35,92
20:32:36,95
20:32:37,98
20:32:38,100
20:32:39,102
20:32:41,101
20:32:42,100
20:32:43,99
20:32:44,98
20:32:47,98
20:32:50,98
20:32:53,98
20:32:54,101
20:32:55,102
20:32:56,103
20:32:57,105
20:32:58,107
20:33:00,108
20:33:03,109
20:33:06,109
20:33:09,109
20:33:12,109
20:33:15,109
20:33:18,109
20:33:21,109
20:33:22,110
20:33:23,113
20:33:24,112
20:33:26,111
20:33:27,110
20:33:28,109
20:33:31,110
20:33:34,110
20:33:37,109
20:33:40,111
20:33:41,112
20:33:43,113
20:33:44,114
20:33:46,115
20:33:47,114
20:33:50,113
20:33:52,112
20:33:54,111
20:33:56,112
20:33:57,114
20:33:59,113
20:34:00,112
20:34:01,111
20:34:04,111
20:34:07,112
20:34:10,111
20:34:13,110
20:34:15,109
20:34:18,109
20:34:19,108
20:34:20,107
20:34:21,106
20:34:22,107
20:34:23,106
20:34:25,107
20:34:27,106
20:34:29,107
20:34:30,107
20:34:31,106
20:34:32,105
20:34:33,104
20:34:34,103
20:34:36,101
20:34:38,100
20:34:40,99
20:34:43,99
20:34:46,99
20:34:49,100
20:34:50,102
20:34:53,102
20:34:54,106
20:34:55,110
20:34:56,113
20:34:57,115
20:35:00,115
20:35:01,116
20:35:04,115
20:35:05,115
20:35:07,116
20:35:10,116
20:35:13,116
20:35:16,116
20:35:17,117
20:35:20,117
20:35:21,116
20:35:22,117
20:35:23,118
20:35:26,118
20:35:27,119
20:35:30,120
20:35:32,121
20:35:34,122
20:35:35,123
20:35:37,122
20:35:38,121
20:35:41,120
20:35:43,119
20:35:46,119
20:35:48,119
20:35:50,120
20:35:53,120
20:35:55,121
20:35:56,122
20:35:58,123
20:36:00,124
20:36:03,125
20:36:06,125
20:36:09,125
20:36:11,125
20:36:14,124
20:36:17,124
20:36:18,123
20:36:20,123
20:36:23,123
20:36:24,123
20:36:25,124
20:36:28,124
20:36:29,123
20:36:30,122
20:36:31,121
20:36:34,121
20:36:35,121
20:36:38,121
20:36:41,121
20:36:44,122
20:36:45,124
20:36:46,125
20:36:47,126
20:36:48,127
20:36:49,128
20:36:50,129
20:36:51,130
20:36:52,131
20:36:53,132
20:36:54,133
20:36:57,133
20:37:00,133
20:37:03,133
20:37:04,133
20:37:07,133
20:37:10,133
20:37:13,133
20:37:16,133
20:37:19,133
20:37:22,133
20:37:25,133
20:37:28,133
20:37:30,131
20:37:31,130
20:37:34,130
20:37:35,129
20:37:36,128
20:37:37,124
20:37:38,121
20:37:41,121
20:37:44,121
20:37:47,121
20:37:49,120
20:37:52,120
20:37:53,118
20:37:54,117
20:37:55,116
20:37:57,115
20:37:58,114
20:37:59,113
20:38:00,112
20:38:02,111
20:38:03,110
20:38:05,109
20:38:06,108
20:38:07,106
20:38:08,105
20:38:11,105
20:38:14,105
20:38:17,105
20:38:19,106
20:38:20,107
20:38:22,108
20:38:25,108
20:38:26,109
20:38:27,110
20:38:29,111
20:38:32,112
20:38:33,113
20:38:34,114
20:38:35,115
20:38:38,115
20:38:41,115
20:38:44,115
20:38:47,115
20:38:48,116
20:38:49,117
20:38:50,117
20:38:53,117
20:38:56,117
20:38:59,117
20:39:01,118
20:39:04,118
20:39:06,117
20:39:08,116
20:39:11,115
20:39:13,114
20:39:16,114
20:39:19,115
20:39:22,115
20:39:25,115
20:39:28,115
20:39:31,115
20:39:34,116
20:39:35,115
20:39:37,113
20:39:38,112
20:39:39,111
20:39:40,110
20:39:41,109
20:39:43,108
20:39:44,107
20:39:46,106
20:39:47,107
20:39:48,107
20:39:51,107
20:39:53,106
20:39:56,107
20:39:59,107
20:40:02,107
20:40:04,108
20:40:05,109
20:40:08,109
20:40:09,110
20:40:12,111
20:40:13,112
20:40:15,113
20:40:16,113
20:40:19,113
20:40:22,113
20:40:23,112
20:40:25,111
20:40:26,110
20:40:29,110
20:40:31,111
20:40:32,110
20:40:33,109
20:40:35,108
20:40:36,107
20:40:37,106
20:40:40,106
20:40:41,106
20:40:43,105
20:40:44,104
20:40:46,103
20:40:47,102
20:40:48,101
20:40:49,102
20:40:50,105
20:40:51,106
20:40:52,106
20:40:54,105
20:40:56,104
20:40:57,104
20:40:58,103
20:41:01,103
20:41:02,104
20:41:04,105
20:41:05,106
20:41:08,106
20:41:11,106
20:41:12,106
20:41:13,107
20:41:16,107
20:41:17,108
20:41:20,109
20:41:22,110
20:41:24,111
20:41:25,111
20:41:28,111
20:41:29,112
20:41:31,111
20:41:32,110
20:41:35,109
20:41:36,108
20:41:37,110
20:41:39,109
20:41:41,108
20:41:42,107
20:41:43,108
20:41:46,108
20:41:49,108
20:41:52,108
20:41:53,107
20:41:55,106
20:41:56,93
20:41:57,88
20:41:58,88
20:42:00,88
20:42:01,89
20:42:02,91
20:42:03,93
20:42:04,94
20:42:05,95
20:42:06,97
20:42:08,98
20:42:09,99
20:42:10,101
20:42:11,102
20:42:13,101
20:42:14,100
20:42:16,99
20:42:17,98
20:42:19,97
20:42:20,98
20:42:21,100
20:42:22,101
20:42:23,102
20:42:26,103
20:42:27,102
20:42:28,102
20:42:30,101
20:42:33,101
20:42:34,100
20:42:37,100
20:42:40,100
20:42:43,100
20:42:45,101
20:42:46,102
20:42:49,102
20:42:50,103
20:42:51,102
20:42:52,103
20:42:55,104
20:42:58,104
20:43:01,104
20:43:04,105
20:43:07,105
20:43:10,105
20:43:13,105
20:43:16,105
20:43:19,105
20:43:22,104
20:43:23,103
20:43:26,103
20:43:29,103
20:43:30,105
20:43:31,107
20:43:32,109
20:43:33,111
20:43:34,112
20:43:36,113
20:43:38,113
20:43:40,112
20:43:42,111
20:43:43,111
20:43:46,111
20:43:47,104
20:43:48,104
20:43:51,104
20:43:54,104
20:43:55,104
20:43:58,105
20:44:00,106
20:44:03,106
20:44:06,106
20:44:07,106
20:44:08,107
20:44:10,107
20:44:11,108
20:44:13,109
20:44:16,109
20:44:19,107
20:44:20,108
20:44:23,107
20:44:26,107
20:44:27,108
20:44:28,107
20:44:31,107
20:44:34,107
20:44:35,106
20:44:36,109
20:44:38,110
20:44:39,109
20:44:42,109
20:44:43,109
20:44:46,109
20:44:49,109
20:44:51,108
20:44:53,109
20:44:54,110
20:44:56,108
20:44:57,107
20:44:58,105
20:44:59,104
20:45:00,103
20:45:01,102
20:45:02,100
20:45:03,99
20:45:04,100
20:45:05,101
20:45:06,100
20:45:09,100
20:45:10,101
20:45:13,102
20:45:14,103
20:45:15,105
20:45:16,107
20:45:17,108
20:45:20,108
20:45:23,108
20:45:26,108
20:45:27,108
20:45:30,108
20:45:32,107
20:45:35,107
20:45:38,107
20:45:41,107
20:45:44,107
20:45:47,106
20:45:50,106
20:45:53,106
20:45:56,106
20:45:59,106
20:46:02,106
20:46:05,106
20:46:08,106
20:46:11,106
20:46:14,106
20:46:16,105
20:46:18,106
20:46:21,106
20:46:22,107
20:46:24,108
20:46:25,109
20:46:28,107
20:46:29,105
20:46:31,106
20:46:32,107
20:46:33,108
20:46:36,108
20:46:39,109
20:46:42,108
20:46:43,107
20:46:44,105
20:46:45,104
20:46:47,103
20:46:48,103
20:46:50,102
20:46:53,102
20:46:54,102
20:46:57,102
20:47:00,102
20:47:03,102
20:47:06,102
20:47:09,102
20:47:12,102
20:47:13,102
20:47:16,102
20:47:19,102
20:47:22,102
20:47:25,102
20:47:28,102
20:47:31,102
20:47:32,101
20:47:35,101
20:47:36,101
20:47:39,101
20:47:40,101
20:47:43,101
20:47:46,101
20:47:49,101
20:47:52,100
20:47:55,100
20:47:58,100
20:48:01,99
20:48:04,99
20:48:07,99
20:48:08,98
20:48:09,97
20:48:10,96
20:48:11,95
20:48:12,94
20:48:13,93
20:48:14,92
20:48:15,91
20:48:17,90
20:48:18,89
20:48:21,89
20:48:22,90
20:48:25,90
20:48:28,90
20:48:31,90
20:48:32,90
20:48:35,90
20:48:38,90
20:48:41,90
20:48:44,90
20:48:47,90
20:48:49,90
20:48:52,90
20:48:55,89
20:48:57,90
20:49:00,90
20:49:03,90
20:49:06,90
20:49:09,90
20:49:12,90
20:49:15,90
20:49:18,90
20:49:21,90
20:49:22,89
20:49:25,89
20:49:27,88
20:49:30,88
20:49:33,88
20:49:36,87
20:49:39,87
20:49:41,88
20:49:44,89
20:49:45,88
20:49:48,88
20:49:51,88
20:49:54,88
20:49:57,88
20:50:00,88
20:50:03,88
20:50:06,88
20:50:09,88
20:50:12,88
20:50:15,88
20:50:18,87
20:50:21,87
20:50:24,87
20:50:27,87
20:50:30,87
20:50:33,87
20:50:36,87
20:50:37,88
20:50:40,89
20:50:43,90
20:50:44,91
20:50:47,91
20:50:48,92
20:50:51,92
20:50:52,93
20:50:53,94
20:50:54,93
20:50:57,93
20:51:00,94
20:51:03,94
20:51:05,93
20:51:08,93
20:51:09,94
20:51:10,95
20:51:11,96
20:51:13,88
20:51:14,88
20:51:17,89
20:51:20,90
20:51:22,91
20:51:24,92
20:51:27,93
20:51:30,93
20:51:33,93
20:51:36,93
20:51:39,93
20:51:42,94
20:51:45,94
20:51:48,94
20:51:49,95
20:51:52,95
20:51:53,94
20:51:56,94
20:51:57,95
20:52:00,95
20:52:01,96
20:52:03,97
20:52:04,97
20:52:07,97
20:52:08,97
20:52:09,97
20:52:10,97
20:52:11,96
20:52:14,97
20:52:17,97
20:52:20,97
20:52:23,96
20:52:24,95
20:52:27,95
20:52:30,94
20:52:33,94
20:52:36,94
20:52:39,94
20:52:42,94
20:52:45,92
20:52:46,91
20:52:49,91
20:52:52,91
20:52:53,92
20:52:56,92
20:52:57,92
20:53:00,92
20:53:02,91
20:53:05,91
20:53:08,91
20:53:11,90
20:53:14,90
20:53:17,90
20:53:20,90
20:53:21,89
20:53:23,88
20:53:25,87
20:53:28,87
20:53:31,87
20:53:34,87
20:53:37,87
20:53:40,87
20:53:43,87
20:53:46,87
20:53:48,86
20:53:50,85
20:53:51,82
20:53:52,81
20:53:53,80
20:53:56,79
20:53:59,79
20:54:00,79
20:54:01,79
20:54:04,79
20:54:07,79
20:54:10,79
20:54:13,79
20:54:16,79
20:54:19,79
20:54:22,79
20:54:25,79
20:54:28,79
20:54:31,79
20:54:34,79
20:54:37,79
20:54:40,79
20:54:43,79
20:54:46,79
20:54:49,79
20:54:52,79
20:54:55,79
20:54:58,79
20:55:01,79
20:55:04,79
20:55:06,80
20:55:09,80
20:55:12,80
20:55:15,80
20:55:18,80
20:55:19,81
20:55:22,82
20:55:24,83
20:55:27,83
20:55:30,83
20:55:33,83
20:55:36,83
20:55:39,82
20:55:42,82
20:55:45,82
20:55:48,82
20:55:51,82
20:55:53,83
20:55:56,83
20:55:57,83
20:56:00,83
20:56:03,83
20:56:06,84
20:56:08,85
20:56:09,86
20:56:12,87
20:56:15,88
20:56:18,89
20:56:19,90
20:56:20,91
20:56:23,92
20:56:26,92
20:56:27,92
20:56:30,92
20:56:33,92
20:56:36,92
20:56:39,92
20:56:42,92
20:56:44,93
20:56:46,94
20:56:49,94
20:56:50,94
20:56:53,94
20:56:56,94
20:56:58,94
20:57:01,94
20:57:02,95
20:57:04,96
20:57:07,96
20:57:10,95
20:57:13,96
20:57:14,95
20:57:17,95
20:57:18,96
20:57:20,96
20:57:23,96
20:57:26,96
20:57:29,96
20:57:32,95
20:57:33,95
20:57:36,95
20:57:39,95
20:57:41,94
20:57:42,95
20:57:43,94
20:57:46,94
20:57:48,93
20:57:51,93
20:57:52,92
20:57:55,92
20:57:56,91
20:57:59,91
20:58:02,91
20:58:04,90
20:58:07,90
20:58:10,90
20:58:11,89
20:58:14,88
20:58:16,87
20:58:18,88
20:58:21,88
20:58:24,89
20:58:27,89
20:58:30,89
20:58:33,90
20:58:36,90
20:58:37,91
20:58:38,92
20:58:41,92
20:58:42,93
20:58:45,93
20:58:48,93
20:58:50,92
20:58:53,92
20:58:56,92
20:58:59,92
20:59:02,92
20:59:05,92
20:59:07,91
20:59:08,90
20:59:11,89
20:59:12,90
20:59:15,90
20:59:18,91
20:59:20,92
20:59:23,92
20:59:26,92
20:59:27,92
20:59:30,92
20:59:33,92
20:59:36,92
20:59:39,92
20:59:42,92
20:59:43,92
20:59:46,92
20:59:49,92
20:59:52,92
20:59:55,92
20:59:56,93
20:59:59,93
21:00:00,94
21:00:02,95
21:00:04,96
21:00:06,98
21:00:07,100
21:00:08,101
21:00:11,101
21:00:14,103
21:00:15,105
21:00:16,107
21:00:17,108
21:00:18,109
21:00:21,110
21:00:24,110
21:00:27,110
21:00:28,110
21:00:31,110
21:00:34,109
21:00:35,109
21:00:38,109
21:00:39,109
21:00:42,109
21:00:45,108
21:00:46,109
21:00:47,108
21:00:48,107
21:00:49,108
21:00:52,107
21:00:54,107
21:00:57,107
21:01:00,107
21:01:03,107
21:01:05,106
21:01:08,106
21:01:11,106
21:01:12,107
21:01:14,108
21:01:16,109
21:01:19,108
21:01:21,107
21:01:24,107
21:01:27,107
21:01:30,107
21:01:33,107
21:01:36,108
21:01:39,108
21:01:42,108
21:01:43,108
21:01:46,108
21:01:49,108
21:01:52,109
21:01:53,111
21:01:56,110
21:01:57,109
21:01:58,110
21:02:01,109
21:02:04,111
21:02:05,112
21:02:08,112
21:02:11,112
21:02:14,112
21:02:15,111
21:02:18,111
21:02:21,111
21:02:24,111
21:02:27,111
21:02:30,111
21:02:33,111
21:02:36,110
21:02:37,109
21:02:39,109
21:02:42,109
21:02:45,109
21:02:46,108
21:02:47,108
21:02:50,108
21:02:53,108
21:02:56,108
21:02:59,109
21:03:00,110
21:03:02,111
21:03:05,111
21:03:08,111
21:03:11,110
21:03:14,110
21:03:15,110
21:03:16,110
21:03:19,110
21:03:22,110
21:03:25,110
21:03:28,110
21:03:31,110
21:03:34,110
21:03:37,110
21:03:40,110
21:03:43,110
21:03:46,110
21:03:48,111
21:03:50,112
21:03:53,112
21:03:56,112
21:03:57,112
21:03:59,113
21:04:02,113
21:04:05,113
21:04:08,113
21:04:10,114
21:04:13,114
21:04:16,114
21:04:17,113
21:04:20,112
21:04:21,111
21:04:24,111
21:04:25,112
21:04:28,112
21:04:29,111
21:04:30,109
21:04:31,108
21:04:32,107
21:04:33,106
21:04:36,106
21:04:39,106
21:04:42,106
21:04:45,106
21:04:48,106
21:04:49,105
21:04:50,104
21:04:51,103
21:04:52,102
21:04:53,101
21:04:54,100
21:04:55,99
21:04:56,98
21:04:59,98
21:05:02,98
21:05:03,98
21:05:05,99
21:05:06,100
21:05:08,101
21:05:10,100
21:05:11,98
21:05:12,97
21:05:13,96
21:05:16,96
21:05:18,97
21:05:21,98
21:05:22,99
21:05:23,100
21:05:24,101
21:05:27,101
21:05:29,100
21:05:30,100
21:05:32,99
21:05:35,99
21:05:36,100
21:05:37,100
21:05:40,101
21:05:43,101
21:05:46,101
21:05:48,100
21:05:49,100
21:05:51,101
21:05:52,102
21:05:53,103
21:05:54,104
21:05:56,107
21:05:57,109
21:05:58,111
21:06:01,112
21:06:03,113
21:06:06,114
21:06:08,115
21:06:09,116
21:06:12,118
21:06:13,120
21:06:14,121
21:06:15,122
21:06:16,123
21:06:17,124
21:06:18,125
21:06:19,126
21:06:20,125
21:06:21,125
21:06:24,125
21:06:27,125
21:06:30,125
21:06:33,125
21:06:35,126
21:06:38,125
21:06:40,124
21:06:43,123
21:06:46,123
21:06:49,123
21:06:52,122
21:06:55,122
21:06:58,122
21:07:01,122
21:07:04,122
21:07:06,121
21:07:09,121
21:07:12,121
21:07:13,121
21:07:16,121
21:07:19,120
21:07:20,119
21:07:23,119
21:07:26,119
21:07:29,119
21:07:30,118
21:07:31,118
21:07:32,119
21:07:34,120
21:07:36,121
21:07:37,122
21:07:40,123
21:07:42,124
21:07:44,125
21:07:47,126
21:07:48,127
21:07:51,127
21:07:54,127
21:07:57,126
21:07:58,125
21:07:59,124
21:08:01,123
21:08:04,123
21:08:07,123
21:08:10,123
21:08:13,122
21:08:14,121
21:08:17,121
21:08:20,121
21:08:23,121
21:08:26,121
21:08:27,121
21:08:30,121
21:08:31,121
21:08:32,121
21:08:35,121
21:08:38,121
21:08:39,122
21:08:42,122
21:08:45,122
21:08:48,122
21:08:51,121
21:08:54,121
21:08:57,121
21:09:00,121
21:09:03,121
21:09:06,121
21:09:09,121
21:09:12,121
21:09:15,121
21:09:16,122
21:09:19,122
21:09:20,123
21:09:23,122
21:09:24,121
21:09:25,119
21:09:26,118
21:09:27,117
21:09:29,117
21:09:30,116
21:09:31,114
21:09:32,113
21:09:33,112
21:09:34,111
21:09:37,111
21:09:40,111
21:09:43,110
21:09:44,109
21:09:45,108
21:09:48,108
21:09:51,108
21:09:52,108
21:09:55,108
21:09:58,108
21:10:00,109
21:10:03,110
21:10:06,110
21:10:09,110
21:10:10,108
21:10:13,108
21:10:14,107
21:10:17,106
21:10:18,105
21:10:20,104
21:10:21,103
21:10:24,103
21:10:27,103
21:10:28,103
21:10:29,102
21:10:30,101
21:10:33,101
21:10:35,102
21:10:38,102
21:10:39,102
21:10:41,103
21:10:44,103
21:10:47,103
21:10:50,103
21:10:51,103
21:10:54,103
21:10:57,103
21:11:00,103
21:11:01,104
21:11:04,104
21:11:07,104
21:11:09,104
21:11:11,105
21:11:13,106
21:11:16,106
21:11:19,106
21:11:22,105
21:11:24,104
21:11:27,104
21:11:30,104
21:11:31,104
21:11:34,104
21:11:36,105
21:11:37,104
21:11:38,102
21:11:39,100
21:11:40,99
21:11:43,99
21:11:46,99
21:11:47,97
21:11:49,96
21:11:52,96
21:11:55,96
21:11:57,94
21:11:58,93
21:11:59,92
21:12:00,91
21:12:02,90
21:12:04,89
21:12:07,89
21:12:09,90
21:12:10,91
21:12:12,92
21:12:13,93
21:12:14,94
21:12:16,93
21:12:18,94
21:12:19,94
21:12:20,95
21:12:23,95
21:12:25,96
21:12:27,97
21:12:28,98
21:12:29,99
21:12:32,99
21:12:35,99
21:12:38,99
21:12:41,99
21:12:44,99
21:12:47,99
21:12:50,99
21:12:53,99
21:12:56,99
21:12:59,99
21:13:00,100
21:13:01,101
21:13:02,102
21:13:05,102
21:13:06,101
21:13:09,102
21:13:11,101
21:13:13,100
21:13:16,100
21:13:17,101
21:13:18,101
21:13:21,102
21:13:24,102
21:13:27,102
21:13:30,102
21:13:33,102
21:13:36,102
21:13:39,102
21:13:40,102
21:13:43,102
21:13:46,102
21:13:49,102
21:13:52,102
21:13:55,102
21:13:58,102
21:14:01,102
21:14:03,103
21:14:04,104
21:14:05,105
21:14:08,104
21:14:11,104
21:14:14,104
21:14:17,104
21:14:20,104
21:14:23,104
21:14:26,104
21:14:29,104
21:14:30,104
21:14:33,104
21:14:36,104
21:14:39,104
21:14:42,105
21:14:45,105
21:14:46,106
21:14:49,106
21:14:52,105
21:14:54,103
21:14:57,103
21:14:58,101
21:15:01,101
21:15:04,101
21:15:07,101
21:15:10,101
21:15:13,101
21:15:16,101
21:15:19,101
21:15:22,101
21:15:25,101
21:15:28,101
21:15:31,101
21:15:32,102
21:15:35,102
21:15:38,102
21:15:41,102
21:15:42,102
21:15:45,102
21:15:48,102
21:15:51,102
21:15:54,102
21:15:57,102
21:16:00,102
21:16:02,101
21:16:05,101
21:16:08,101
21:16:11,101
21:16:14,101
21:16:16,100
21:16:17,99
21:16:18,97
21:16:19,96
21:16:20,95
21:16:21,94
21:16:22,93
21:16:23,92
21:16:25,91
21:16:26,90
21:16:27,90
21:16:28,89
21:16:30,88
21:16:32,87
21:16:34,86
21:16:35,86
21:16:37,85
21:16:40,85
21:16:43,85
21:16:46,85
21:16:47,84
21:16:50,84
21:16:53,84
21:16:56,84
21:16:59,84
21:17:02,84
21:17:05,84
21:17:08,84
21:17:11,84
21:17:14,84
21:17:17,84
21:17:20,84
21:17:22,85
21:17:25,85
21:17:28,87
21:17:29,87
21:17:32,87
21:17:35,85
21:17:36,84
21:17:37,83
21:17:39,83
21:17:42,83
21:17:43,83
21:17:46,84
21:17:49,84
21:17:52,84
21:17:55,84
21:17:58,84
21:18:01,84
21:18:04,84
21:18:07,84
21:18:10,84
21:18:12,83
21:18:13,80
21:18:14,80
21:18:17,80
21:18:20,80
21:18:23,80
21:18:26,80
21:18:29,80
21:18:32,80
21:18:35,80
21:18:38,80
21:18:41,80
21:18:42,81
21:18:44,81
21:18:47,81
21:18:50,81
21:18:53,81
21:18:54,81
21:18:57,81
21:19:00,81
21:19:03,81
21:19:06,81
21:19:09,81
21:19:12,81
21:19:15,81
21:19:18,81
21:19:21,81
21:19:24,82
21:19:27,82
21:19:30,82
21:19:33,83
21:19:36,83
21:19:39,83
21:19:42,83
21:19:45,83
21:19:48,83
21:19:51,83
21:19:54,83
21:19:57,83
21:20:00,83
21:20:03,83
21:20:06,83
21:20:09,83
21:20:12,83
21:20:13,83
21:20:16,83
21:20:19,83
21:20:22,83
21:20:25,83
21:20:28,83
21:20:31,83
21:20:34,83
21:20:37,83
21:20:40,83
21:20:41,82
21:20:44,81
21:20:47,80
21:20:49,79
21:20:52,79
21:20:53,78
21:20:56,78
21:20:59,78
21:21:02,78
21:21:03,79
21:21:06,79
21:21:09,79
21:21:12,79
21:21:15,79
21:21:18,79
21:21:21,79
21:21:22,80
21:21:23,80
21:21:26,80
21:21:29,80
21:21:32,80
21:21:35,80
21:21:38,80
21:21:41,80
21:21:42,82
21:21:44,82
21:21:47,83
21:21:48,83
21:21:51,83
21:21:54,83
21:21:57,83
21:22:00,83
21:22:03,83
21:22:06,83
21:22:09,83
21:22:12,83
21:22:15,83
21:22:18,84
21:22:21,84
21:22:24,84
21:22:27,84
21:22:30,84
21:22:33,84
21:22:36,84
21:22:37,84
21:22:40,84
21:22:43,84
21:22:46,84
21:22:49,84
21:22:52,84
21:22:55,84
21:22:58,84
21:23:01,84
21:23:04,84
21:23:05,85
21:23:08,85
21:23:11,85
21:23:14,85
21:23:17,85
21:23:20,85
21:23:23,85
21:23:26,85
21:23:29,85
21:23:32,85
21:23:35,85
21:23:38,85
21:23:41,85
21:23:44,85
21:23:47,85
21:23:50,85
21:23:53,85
21:23:54,85
21:23:57,85
21:24:00,85
21:24:03,85
21:24:06,85
21:24:09,85
21:24:12,85
21:24:15,85
21:24:18,85
21:24:21,85
21:24:24,85
21:24:27,85
21:24:30,85
21:24:33,85
21:24:36,85
21:24:39,85
21:24:42,85
21:24:45,85
21:24:48,85
21:24:51,85
21:24:54,85
21:24:57,85
21:25:00,85
21:25:03,85
21:25:06,85
21:25:09,85
21:25:12,85
21:25:13,85
21:25:14,85
21:25:17,85
21:25:20,85
21:25:23,85
21:25:26,85
21:25:29,85
21:25:32,85
21:25:35,85
21:25:37,85
21:25:40,85
21:25:42,85
21:25:45,85
21:25:48,85
21:25:51,85
21:25:52,86
21:25:55,86
21:25:58,86
21:26:01,86
21:26:04,86
21:26:07,86
21:26:10,86
21:26:13,86
21:26:16,86
21:26:19,86
21:26:22,86
21:26:23,87
21:26:24,87
21:26:27,88
21:26:28,89
21:26:29,90
21:26:31,91
21:26:34,91
21:26:36,91
21:26:39,91
21:26:40,92
21:26:43,92
21:26:45,93
21:26:48,93
21:26:51,93
21:26:54,93
21:26:57,93
21:27:00,93
21:27:03,93
21:27:05,92
21:27:07,93
21:27:08,94
21:27:11,94
21:27:14,94
21:27:17,94
21:27:19,94
21:27:22,94
21:27:25,94
21:27:28,94
21:27:29,94
21:27:32,94
21:27:35,94
21:27:38,94
21:27:39,97
21:27:40,98
21:27:41,99
21:27:43,100
21:27:44,101
21:27:45,103
21:27:46,104
21:27:47,106
21:27:49,108
21:27:51,110
21:27:53,111
21:27:54,112
21:27:55,113
21:27:56,114
21:27:57,115
21:28:00,115
21:28:02,114
21:28:05,114
21:28:08,114
21:28:11,114
21:28:14,114
21:28:15,114
21:28:16,113
21:28:17,112
21:28:19,113
21:28:22,113
21:28:23,114
21:28:26,114
21:28:28,115
21:28:31,115
21:28:34,116
21:28:36,115
21:28:38,114
21:28:39,113
21:28:41,113
21:28:44,113
21:28:46,112
21:28:49,112
21:28:50,110
21:28:51,108
21:28:52,106
21:28:53,105
21:28:54,103
21:28:56,104
21:28:57,105
21:28:59,104
21:29:01,103
21:29:02,102
21:29:04,101
21:29:05,100
21:29:06,100
21:29:07,99
21:29:08,98
21:29:09,97
21:29:10,96
21:29:12,95
21:29:13,94
21:29:16,94
21:29:19,94
21:29:22,94
21:29:25,94
21:29:28,93
21:29:31,93
21:29:34,93
21:29:35,94
21:29:38,94
21:29:40,93
21:29:42,92
21:29:45,92
21:29:48,92
21:29:51,92
21:29:54,92
21:29:57,92
21:30:00,92
21:30:02,93
21:30:05,93
21:30:08,93
21:30:09,93
21:30:12,93
21:30:13,94
21:30:15,95
21:30:17,96
21:30:20,96
21:30:22,97
21:30:24,96
21:30:26,95
21:30:27,94
21:30:30,93
21:30:33,93
21:30:36,93
21:30:39,93
21:30:42,93
21:30:45,93
21:30:48,93
21:30:51,93
21:30:54,93
21:30:55,92
21:30:58,92
21:31:00,93
21:31:03,94
21:31:06,93
21:31:09,94
21:31:10,93
21:31:13,92
21:31:14,92
21:31:17,92
21:31:18,91
21:31:21,91
21:31:24,91
21:31:27,91
21:31:28,90
21:31:29,91
21:31:32,92
21:31:35,93
21:31:38,93
21:31:39,92
21:31:42,92
21:31:44,89
21:31:45,89
21:31:46,88
21:31:47,88
21:31:50,88
21:31:51,87
21:31:54,87
21:31:57,87
21:32:00,86
21:32:03,86
21:32:06,86
21:32:07,85
21:32:10,85
21:32:13,85
21:32:14,85
21:32:17,85
21:32:20,85
21:32:23,85
21:32:26,85
21:32:29,85
21:32:32,85
21:32:35,85
21:32:38,85
21:32:41,85
21:32:44,86
21:32:47,86
21:32:48,86
21:32:49,87
21:32:52,87
21:32:54,86
21:32:57,85
21:32:59,85
21:33:00,85
21:33:02,84
21:33:05,84
21:33:08,84
21:33:11,84
21:33:14,84
21:33:16,84
21:33:17,83
21:33:19,82
21:33:20,82
21:33:21,81
21:33:23,80
21:33:26,80
21:33:28,80
21:33:31,80
21:33:34,81
21:33:37,81
21:33:40,82
21:33:43,82
21:33:46,83
21:33:49,83
21:33:51,83
21:33:54,83
21:33:57,83
21:34:00,84
21:34:01,83
21:34:02,84
21:34:05,84
21:34:06,83
21:34:09,83
21:34:12,83
21:34:15,83
21:34:18,83
21:34:20,84
21:34:23,84
21:34:26,84
21:34:27,84
21:34:28,84
21:34:29,85
21:34:32,85
21:34:35,85
21:34:36,85
21:34:37,84
21:34:38,85
21:34:41,84
21:34:44,84
21:34:47,84
21:34:50,84
21:34:53,84
21:34:56,84
21:34:57,85
21:35:00,86
21:35:03,87
21:35:05,88
21:35:07,89
21:35:08,89
21:35:10,90
21:35:13,90
21:35:15,89
21:35:17,90
21:35:20,90
21:35:21,91
21:35:22,91
21:35:23,91
21:35:26,91
21:35:28,91
21:35:29,91
21:35:31,92
21:35:34,92
21:35:37,92
21:35:38,93
21:35:41,93
21:35:44,92
21:35:47,92
21:35:50,92
21:35:52,91
21:35:53,92
21:35:56,92
21:35:59,92
21:36:00,93
21:36:03,93
21:36:06,93
21:36:09,94
21:36:10,95
21:36:12,96
21:36:15,96
21:36:18,97
21:36:21,97
21:36:23,98
21:36:26,97
21:36:27,97
21:36:30,97
21:36:31,98
21:36:34,98
21:36:37,96
21:36:39,95
21:36:41,94
21:36:44,93
21:36:47,93
21:36:50,92
21:36:53,93
21:36:56,93
21:36:59,93
21:37:00,93
21:37:02,93
21:37:03,92
21:37:06,92
21:37:07,91
21:37:10,91
21:37:13,91
21:37:16,91
21:37:17,90
21:37:20,90
21:37:23,90
21:37:26,90
21:37:29,90
21:37:31,89
21:37:32,88
21:37:35,88
21:37:38,87
21:37:41,87
21:37:44,87
21:37:45,86
21:37:48,86
21:37:50,83
21:37:51,82
21:37:54,82
21:37:57,83
21:37:59,83
21:38:02,83
21:38:05,84
21:38:07,84
21:38:10,84
21:38:13,84
21:38:14,83
21:38:17,83
21:38:20,83
21:38:23,83
21:38:26,84
21:38:29,84
21:38:32,84
21:38:33,83
21:38:36,83
21:38:39,83
21:38:40,83
21:38:43,83
21:38:46,83
21:38:49,83
21:38:52,83
21:38:55,83
21:38:58,83
21:39:01,83
21:39:04,83
21:39:05,81
21:39:06,80
21:39:09,80
21:39:12,81
21:39:15,81
21:39:16,82
21:39:18,83
21:39:21,83
21:39:24,83
21:39:27,83
21:39:30,83
21:39:33,83
21:39:36,84
21:39:39,84
21:39:42,84
21:39:45,84
21:39:46,83
21:39:49,84
21:39:50,84
21:39:51,83
21:39:54,83
21:39:57,83
21:40:00,83
21:40:03,82
21:40:06,82
21:40:09,82
21:40:11,82
21:40:12,81
21:40:13,81
21:40:16,81
21:40:19,81
21:40:22,81
21:40:25,81
21:40:28,81
21:40:31,81
21:40:34,81
21:40:37,81
21:40:40,81
21:40:43,81
21:40:46,81
21:40:49,81
21:40:52,81
21:40:55,81
21:40:58,81
21:41:01,81
21:41:02,81
21:41:05,81
21:41:06,82
21:41:09,81
21:41:12,80
21:41:14,78
21:41:15,77
21:41:16,76
21:41:19,76
21:41:22,76
21:41:25,77
21:41:28,77
21:41:30,78
21:41:31,79
21:41:32,80
21:41:34,80
21:41:37,81
21:41:40,81
21:41:43,81
21:41:46,82
21:41:47,83
21:41:48,84
21:41:49,85
21:41:51,85
21:41:54,85
21:41:55,85
21:41:57,86
21:41:58,86
21:42:01,86
21:42:02,85
21:42:04,84
21:42:06,83
21:42:09,83
21:42:12,83
21:42:15,83
21:42:18,83
21:42:20,83
21:42:22,82
21:42:24,82
21:42:27,82
21:42:30,82
21:42:33,82
21:42:34,81
21:42:35,80
21:42:36,79
21:42:37,79
21:42:40,79
21:42:43,79
21:42:46,79
21:42:49,79
21:42:52,79
21:42:55,79
21:42:58,79
21:42:59,80
21:43:00,80
21:43:03,80
21:43:06,80
21:43:09,80
21:43:12,80
21:43:15,80
21:43:18,80
21:43:21,81
21:43:23,82
21:43:24,83
21:43:25,83
21:43:28,84
21:43:31,85
21:43:32,86
21:43:35,86
21:43:36,87
21:43:37,91
21:43:38,92
21:43:39,92
21:43:42,92
21:43:45,92
21:43:48,92
21:43:50,93
21:43:53,93
21:43:56,93
21:43:59,94
21:44:02,94
21:44:03,94
21:44:05,95
21:44:08,95
21:44:10,94
21:44:12,93
21:44:14,92
21:44:17,92
21:44:20,92
21:44:23,91
21:44:26,91
21:44:29,91
21:44:32,91
21:44:35,91
21:44:38,91
21:44:41,91
21:44:44,91
21:44:47,91
21:44:50,91
21:44:53,91
21:44:56,91
21:44:59,91
21:45:00,92
21:45:03,91
21:45:06,91
21:45:08,90
21:45:11,90
21:45:12,89
21:45:13,89
21:45:16,89
21:45:19,88
21:45:20,87
21:45:22,86
21:45:25,86
21:45:26,85
21:45:29,85
21:45:31,85
21:45:34,85
21:45:37,85
21:45:40,85
21:45:43,85
21:45:46,85
21:45:49,85
21:45:52,85
21:45:55,85
21:45:58,85
21:46:01,85
21:46:04,85
21:46:05,85
21:46:07,86
21:46:10,86
21:46:12,86
21:46:15,86
21:46:18,86
21:46:21,86
21:46:22,86
21:46:25,86
21:46:28,86
21:46:31,86
21:46:34,86
21:46:35,86
21:46:36,86
21:46:39,86
21:46:42,86
21:46:45,86
21:46:46,85
21:46:48,85
21:46:51,85
21:46:54,85
21:46:57,85
21:47:00,85
21:47:03,85
21:47:06,85
21:47:09,85
21:47:12,85
21:47:15,85
21:47:18,85
21:47:21,85
21:47:24,85
21:47:27,85
21:47:30,85
21:47:33,85
21:47:34,85
21:47:37,85
21:47:40,85
21:47:43,85
21:47:46,85
21:47:49,85
21:47:52,86
21:47:53,85
21:47:56,85
21:47:59,85
21:48:02,85
21:48:03,86
21:48:05,87
21:48:06,88
21:48:09,89
21:48:12,90
21:48:15,90
21:48:18,90
21:48:20,91
21:48:23,91
21:48:26,90
21:48:27,91
21:48:30,92
21:48:33,92
21:48:36,92
21:48:39,92
21:48:42,92
21:48:43,92
21:48:45,89
21:48:46,89
21:48:47,90
21:48:50,90
21:48:51,90
21:48:54,90
21:48:57,90
21:49:00,90
21:49:02,90
21:49:03,89
21:49:06,89
21:49:09,88
21:49:11,87
21:49:14,87
21:49:17,87
21:49:19,85
21:49:20,84
21:49:22,83
21:49:23,83
21:49:26,83
21:49:28,84
21:49:31,84
21:49:34,84
21:49:37,84
21:49:40,84
21:49:43,84
21:49:44,84
21:49:47,84
21:49:49,83
21:49:50,83
21:49:51,83
21:49:53,83
21:49:56,83
21:49:59,83
21:50:02,83
21:50:03,84
21:50:06,84
21:50:09,84
21:50:10,85
21:50:11,84
21:50:14,84
21:50:17,84
21:50:19,84
21:50:22,84
21:50:25,84
21:50:28,84
21:50:29,84
21:50:30,83
21:50:32,83
21:50:35,83
21:50:36,84
21:50:39,84
21:50:42,84
21:50:43,85
21:50:46,85
21:50:49,86
21:50:51,87
21:50:54,87
21:50:55,88
21:50:58,88
21:51:00,89
21:51:03,89
21:51:04,90
21:51:06,91
21:51:08,90
21:51:10,88
21:51:12,87
21:51:13,87
21:51:16,86
21:51:17,85
21:51:18,84
21:51:21,84
21:51:23,84
21:51:26,84
21:51:27,86
21:51:28,86
21:51:31,86
21:51:32,86
21:51:35,86
21:51:38,86
21:51:39,87
21:51:41,87
21:51:43,86
21:51:46,86
21:51:48,85
21:51:51,85
21:51:53,85
21:51:56,85
21:51:59,85
21:52:02,85
21:52:05,85
21:52:08,86
21:52:11,87
21:52:14,87
21:52:17,88
21:52:20,88
21:52:23,88
21:52:24,88
21:52:27,88
21:52:28,91
21:52:29,92
21:52:32,91
21:52:34,90
21:52:36,90
21:52:39,90
21:52:42,90
21:52:44,89
21:52:45,87
21:52:46,86
21:52:47,85
21:52:50,84
21:52:53,83
21:52:56,83
21:52:59,83
21:53:02,83
21:53:05,83
21:53:06,84
21:53:09,85
21:53:12,85
21:53:15,85
21:53:17,86
21:53:18,87
21:53:21,88
21:53:24,88
21:53:25,89
21:53:26,90
21:53:29,91
21:53:32,91
21:53:33,92
21:53:35,93
21:53:38,93
21:53:40,94
21:53:41,95
21:53:44,95
21:53:45,95
21:53:48,95
21:53:51,95
21:53:54,95
21:53:56,94
21:53:59,94
21:54:01,93
21:54:03,92
21:54:04,91
21:54:05,90
21:54:06,89
21:54:07,86
21:54:08,86
21:54:11,86
21:54:12,85
21:54:15,85
21:54:17,86
21:54:20,86
21:54:21,87
21:54:23,88
21:54:25,89
21:54:26,90
21:54:27,91
21:54:28,92
21:54:31,93
21:54:34,94
21:54:37,95
21:54:38,95
21:54:41,95
21:54:43,96
21:54:46,97
21:54:47,99
21:54:48,100
21:54:50,101
21:54:51,102
21:54:52,103
21:54:54,104
21:54:57,104
21:55:00,105
21:55:01,106
21:55:04,106
21:55:05,107
21:55:07,106
21:55:10,106
21:55:13,106
21:55:16,106
21:55:19,105
21:55:20,104
21:55:23,104
21:55:25,105
21:55:27,104
21:55:30,104
21:55:33,104
21:55:36,104
21:55:37,104
21:55:40,103
21:55:43,102
21:55:46,102
21:55:49,102
21:55:50,103
21:55:53,103
21:55:56,103
21:55:59,103
21:56:02,103
21:56:05,103
21:56:08,104
21:56:11,105
21:56:13,106
21:56:16,106
21:56:17,105
21:56:20,105
21:56:23,105
21:56:26,105
21:56:28,104
21:56:31,104
21:56:33,103
21:56:36,105
21:56:37,104
21:56:39,103
21:56:40,100
21:56:41,97
21:56:42,96
21:56:44,95
21:56:47,95
21:56:50,94
21:56:53,93
21:56:56,93
21:56:57,94
21:56:59,93
21:57:01,95
21:57:03,96
21:57:05,97
21:57:06,101
21:57:07,100
21:57:10,100
21:57:12,99
21:57:15,99
21:57:17,100
21:57:19,101
21:57:22,100
21:57:25,101
21:57:28,101
21:57:31,101
21:57:34,101
21:57:37,102
21:57:39,103
21:57:40,104
21:57:41,105
21:57:42,106
21:57:44,107
21:57:46,106
21:57:48,105
21:57:51,106
21:57:54,106
21:57:57,106
21:58:00,106
21:58:03,105
21:58:05,103
21:58:06,101
21:58:07,100
21:58:08,99
21:58:09,100
21:58:11,101
21:58:12,102
21:58:13,105
21:58:15,106
21:58:18,106
21:58:19,107
21:58:21,108
21:58:23,109
21:58:24,110
21:58:25,111
21:58:27,112
21:58:29,113
21:58:30,114
21:58:31,116
21:58:34,117
21:58:37,117
21:58:38,116
21:58:41,116
21:58:44,116
21:58:46,117
21:58:47,118
21:58:49,119
21:58:50,118
21:58:53,117
21:58:55,115
21:58:56,109
21:58:57,105
21:58:58,102
21:59:00,103
21:59:01,104
21:59:02,104
21:59:03,101
21:59:06,101
21:59:09,101
21:59:11,100
21:59:13,101
21:59:14,102
21:59:16,103
21:59:19,102
21:59:20,101
21:59:21,100
21:59:22,99
21:59:25,98
21:59:26,99
21:59:28,100
21:59:31,100
21:59:32,99
21:59:35,99
21:59:37,100
21:59:40,101
21:59:42,100
21:59:44,99
21:59:45,98
21:59:46,97
21:59:47,96
21:59:49,95
21:59:50,94
21:59:51,93
21:59:53,94
21:59:54,95
21:59:55,96
21:59:56,97
21:59:57,98
21:59:58,99
22:00:00,100
22:00:01,100
22:00:03,99
22:00:04,99
22:00:05,98
22:00:06,98
22:00:09,98
22:00:11,99
22:00:12,100
22:00:13,101
22:00:14,102
22:00:15,103
22:00:17,104
22:00:19,105
22:00:21,104
22:00:24,104
22:00:26,103
22:00:29,103
22:00:32,103
22:00:35,103
22:00:36,102
22:00:39,101
22:00:40,100
22:00:43,100
22:00:45,99
22:00:46,98
22:00:47,97
22:00:48,96
22:00:50,97
22:00:51,99
22:00:52,102
22:00:53,103
22:00:55,104
22:00:56,103
22:00:59,101
22:01:00,100
22:01:01,98
22:01:03,97
22:01:04,96
22:01:07,96
22:01:09,97
22:01:12,97
22:01:15,97
22:01:18,97
22:01:20,98
22:01:23,99
22:01:24,100
22:01:26,99
22:01:29,98
22:01:31,97
22:01:34,97
22:01:36,96
22:01:37,97
22:01:39,98
22:01:42,98
22:01:45,98
22:01:48,98
22:01:49,97
22:01:50,96
22:01:53,96
22:01:54,97
22:01:56,98
22:01:59,98
22:02:02,98
22:02:04,99
22:02:07,99
22:02:09,100
22:02:10,103
22:02:11,104
22:02:13,105
22:02:16,105
22:02:18,104
22:02:21,104
22:02:22,103
22:02:23,102
22:02:24,103
22:02:25,104
22:02:26,105
22:02:27,106
22:02:28,108
22:02:29,107
22:02:30,106
22:02:31,105
22:02:34,105
22:02:35,105
22:02:38,105
22:02:39,104
22:02:40,103
22:02:41,102
22:02:42,101
22:02:43,98
22:02:44,97
22:02:45,96
22:02:48,96
22:02:49,95
22:02:51,94
22:02:52,95
22:02:53,97
22:02:54,98
22:02:55,100
22:02:56,102
22:02:58,103
22:03:01,105
22:03:04,104
22:03:06,103
22:03:07,100
22:03:08,98
22:03:11,98
22:03:14,99
22:03:17,99
22:03:20,100
22:03:21,100
22:03:24,100
22:03:25,99
22:03:28,99
22:03:29,100
22:03:30,101
22:03:31,103
22:03:32,104
22:03:34,105
22:03:35,104
22:03:38,104
22:03:39,103
22:03:41,102
22:03:42,101
22:03:43,103
22:03:44,104
22:03:46,105
22:03:47,106
22:03:50,105
22:03:51,104
22:03:52,105
22:03:53,106
22:03:54,107
22:03:55,108
22:03:57,107
22:04:00,106
22:04:02,105
22:04:03,105
22:04:04,104
22:04:06,103
22:04:08,102
22:04:11,102
22:04:12,101
22:04:15,100
22:04:16,101
22:04:17,102
22:04:18,103
22:04:21,103
22:04:22,104
22:04:24,105
22:04:27,105
22:04:30,105
22:04:31,104
22:04:34,104
22:04:37,104
22:04:40,104
22:04:42,103
22:04:44,100
22:04:46,99
22:04:47,99
22:04:49,98
22:04:50,98
22:04:52,97
22:04:54,97
22:04:55,97
22:04:58,97
22:05:01,97
22:05:04,97
22:05:07,97
22:05:08,98
22:05:11,98
22:05:14,99
22:05:16,98
22:05:17,99
22:05:19,100
22:05:22,100
22:05:25,100
22:05:28,100
22:05:31,99
22:05:34,98
22:05:37,98
22:05:38,97
22:05:41,97
22:05:43,96
22:05:44,95
22:05:45,94
22:05:46,93
22:05:49,93
22:05:52,92
22:05:55,92
22:05:58,92
22:05:59,92
22:06:02,92
22:06:05,92
22:06:08,92
22:06:09,91
22:06:12,91
22:06:14,92
22:06:16,92
22:06:19,92
22:06:22,92
22:06:25,92
22:06:28,92
22:06:31,92
22:06:34,92
22:06:37,92
22:06:40,92
22:06:41,93
22:06:44,93
22:06:45,94
22:06:48,95
22:06:51,95
22:06:54,95
22:06:57,95
22:06:58,94
22:06:59,95
22:07:02,96
22:07:04,97
22:07:05,101
22:07:06,103
22:07:07,104
22:07:08,103
22:07:09,102
22:07:11,101
22:07:12,100
22:07:14,99
22:07:16,98
22:07:19,97
22:07:22,97
22:07:25,97
22:07:28,97
22:07:31,97
22:07:34,97
22:07:37,98
22:07:40,98
22:07:43,99
22:07:44,98
22:07:47,98
22:07:50,98
22:07:53,98
22:07:55,99
22:07:58,99
22:08:01,99
22:08:04,99
22:08:07,99
22:08:08,99
22:08:10,98
22:08:13,98
22:08:16,98
22:08:18,97
22:08:21,97
22:08:24,98
22:08:27,99
22:08:30,99
22:08:31,100
22:08:34,100
22:08:35,100
22:08:36,99
22:08:39,99
22:08:42,99
22:08:45,99
22:08:48,99
22:08:51,98
22:08:54,98
22:08:57,98
22:08:58,97
22:09:01,96
22:09:03,95
22:09:06,95
22:09:09,95
22:09:12,94
22:09:15,94
22:09:16,93
22:09:19,93
22:09:22,93
22:09:25,93
22:09:27,92
22:09:30,92
22:09:33,92
22:09:34,92
22:09:35,92
22:09:36,92
22:09:37,92
22:09:40,92
22:09:43,92
22:09:45,93
22:09:48,93
22:09:51,93
22:09:54,93
22:09:57,93
22:10:00,93
22:10:03,93
22:10:06,92
22:10:09,92
22:10:12,91
22:10:14,91
22:10:17,92
22:10:20,92
22:10:23,92
22:10:24,92
22:10:27,92
22:10:30,92
22:10:33,92
22:10:36,92
22:10:37,91
22:10:39,91
22:10:42,91
22:10:45,91
22:10:48,91
22:10:51,91
22:10:53,92
22:10:56,92
22:10:57,93
22:11:00,93
22:11:03,93
22:11:06,93
22:11:09,94
22:11:12,94
22:11:14,93
22:11:15,92
22:11:17,91
22:11:18,90
22:11:21,90
22:11:22,89
22:11:25,89
22:11:28,89
22:11:29,89
22:11:32,89
22:11:35,89
22:11:38,89
22:11:39,88
22:11:41,88
22:11:44,88
22:11:47,88
22:11:49,87
22:11:51,86
22:11:52,87
22:11:54,88
22:11:57,88
22:12:00,88
22:12:03,88
22:12:06,88
22:12:09,88
22:12:12,88
22:12:13,87
22:12:16,87
22:12:19,88
22:12:20,88
22:12:23,88
22:12:26,88
22:12:29,88
22:12:32,88
22:12:35,88
22:12:36,88
22:12:39,88
22:12:42,88
22:12:43,88
22:12:46,88
22:12:49,88
22:12:52,88
22:12:55,88
22:12:58,88
22:13:01,88
22:13:04,88
22:13:07,88
22:13:10,88
22:13:12,88
22:13:15,88
22:13:18,88
22:13:21,88
22:13:24,88
22:13:27,88
22:13:30,88
22:13:33,88
22:13:36,88
22:13:39,88
22:13:42,88
22:13:45,88
22:13:48,88
22:13:51,88
22:13:52,88
22:13:55,88
22:13:56,87
22:13:57,86
22:13:58,85
22:13:59,86
22:14:02,86
22:14:05,87
22:14:08,87
22:14:10,87
22:14:11,88
22:14:14,88
22:14:15,88
22:14:18,88
22:14:19,88
22:14:21,89
22:14:22,89
22:14:23,89
22:14:25,88
22:14:27,87
22:14:30,87
22:14:33,86
22:14:34,86
22:14:37,86
22:14:40,86
22:14:43,86
22:14:45,87
22:14:46,87
22:14:49,87
22:14:52,87
22:14:55,87
22:14:58,87
22:15:01,87
22:15:02,88
22:15:05,88
22:15:08,88
22:15:11,88
22:15:12,89
22:15:15,89
22:15:18,89
22:15:20,90
22:15:23,90
22:15:25,91
22:15:28,91
22:15:29,92
22:15:32,92
22:15:35,92
22:15:38,92
22:15:41,92
22:15:44,92
22:15:45,91
22:15:46,86
22:15:47,84
22:15:48,84
22:15:49,84
22:15:50,83
22:15:52,84
22:15:53,84
22:15:56,84
22:15:59,84
22:16:02,84
22:16:05,84
22:16:06,85
22:16:09,85
22:16:12,85
22:16:15,85
22:16:16,84
22:16:19,85
22:16:22,85
22:16:25,85
22:16:28,85
22:16:29,86
22:16:30,87
22:16:32,88
22:16:34,89
22:16:37,89
22:16:40,89
22:16:43,89
22:16:46,89
22:16:49,89
22:16:51,89
22:16:52,89
22:16:55,89
22:16:58,89
22:17:01,89
22:17:04,89
22:17:07,89
22:17:10,89
22:17:13,89
22:17:14,90
22:17:17,90
22:17:20,90
22:17:23,91
22:17:26,92
22:17:29,92
22:17:30,91
22:17:33,91
22:17:36,91
22:17:39,92
22:17:42,92
22:17:45,93
22:17:46,94
22:17:47,95
22:17:48,96
22:17:51,96
22:17:54,96
22:17:55,96
22:17:58,96
22:17:59,96
22:18:02,95
22:18:05,96
22:18:06,98
22:18:07,100
22:18:08,103
22:18:09,105
22:18:12,104
22:18:13,103
22:18:16,103
22:18:18,102
22:18:19,103
22:18:22,103
22:18:23,102
22:18:26,101
22:18:29,101
22:18:30,100
22:18:33,100
22:18:36,99
22:18:38,98
22:18:40,97
22:18:43,97
22:18:46,97
22:18:49,97
22:18:50,98
22:18:53,99
22:18:55,100
22:18:56,100
22:18:59,100
22:19:02,100
22:19:05,100
22:19:08,100
22:19:09,99
22:19:12,98
22:19:13,99
22:19:16,99
22:19:19,99
22:19:21,100
22:19:24,100
22:19:27,100
22:19:30,100
22:19:32,99
22:19:34,98
22:19:37,98
22:19:40,98
22:19:41,97
22:19:44,97
22:19:47,97
22:19:50,96
22:19:53,96
22:19:56,96
22:19:59,97
22:20:02,96
22:20:03,97
22:20:04,97
22:20:05,97
22:20:08,97
22:20:11,97
22:20:12,98
22:20:15,98
22:20:18,97
22:20:19,98
22:20:22,98
22:20:25,98
22:20:26,97
22:20:29,97
22:20:32,98
22:20:35,98
22:20:36,97
22:20:39,96
22:20:40,95
22:20:43,95
22:20:44,89
22:20:45,89
22:20:48,89
22:20:51,89
22:20:54,89
22:20:57,89
22:21:00,89
22:21:03,89
22:21:06,89
22:21:07,90
22:21:09,90
22:21:12,90
22:21:15,91
22:21:18,91
22:21:21,91
22:21:24,91
22:21:27,92
22:21:28,92
22:21:29,92
22:21:31,93
22:21:32,93
22:21:33,94
22:21:36,97
22:21:37,100
22:21:38,102
22:21:39,103
22:21:42,103
22:21:43,104
22:21:44,105
22:21:47,105
22:21:50,105
22:21:51,104
22:21:52,105
22:21:54,104
22:21:56,105
22:21:59,105
22:22:00,104
22:22:03,103
22:22:06,103
22:22:08,104
22:22:11,104
22:22:12,105
22:22:13,106
22:22:16,106
22:22:19,106
22:22:21,107
22:22:24,108
22:22:25,108
22:22:28,108
22:22:30,105
22:22:32,105
22:22:33,106
22:22:34,107
22:22:35,108
22:22:36,110
22:22:38,111
22:22:41,110
22:22:42,109
22:22:44,108
22:22:47,108
22:22:48,109
22:22:49,110
22:22:50,109
22:22:51,108
22:22:53,107
22:22:54,106
22:22:55,105
22:22:56,104
22:22:58,103
22:22:59,102
22:23:00,101
22:23:03,100
22:23:05,101
22:23:07,101
22:23:10,101
22:23:13,102
22:23:15,103
22:23:17,104
22:23:18,105
22:23:20,104
22:23:22,103
22:23:23,103
22:23:25,102
22:23:26,101
22:23:28,100
22:23:29,99
22:23:30,98
22:23:32,97
22:23:33,98
22:23:36,98
22:23:37,97
22:23:40,97
22:23:43,97
22:23:46,97
22:23:49,97
22:23:52,97
22:23:55,97
22:23:58,97
22:24:01,97
22:24:04,97
22:24:07,97
22:24:10,97
22:24:13,98
22:24:16,98
22:24:18,99
22:24:20,100
22:24:22,101
22:24:23,101
22:24:26,102
22:24:27,103
22:24:29,103
22:24:32,103
22:24:34,102
22:24:35,102
22:24:36,101
22:24:39,101
22:24:42,101
22:24:43,101
22:24:46,101
22:24:49,101
22:24:52,101
22:24:55,101
22:24:57,100
22:24:58,99
22:25:00,98
22:25:01,97
22:25:03,96
22:25:04,95
22:25:07,95
22:25:10,95
22:25:12,94
22:25:13,93
22:25:16,93
22:25:19,93
22:25:22,93
22:25:25,93
22:25:28,94
22:25:30,95
22:25:33,95
22:25:36,95
22:25:39,95
22:25:41,96
22:25:44,96
22:25:47,96
22:25:48,96
22:25:51,96
22:25:52,97
22:25:55,97
22:25:56,97
22:25:59,96
22:26:02,96
22:26:05,96
22:26:08,96
22:26:11,96
22:26:12,95
22:26:13,95
22:26:16,95
22:26:19,95
22:26:22,94
22:26:24,93
22:26:26,94
22:26:29,94
22:26:30,95
22:26:33,95
22:26:36,95
22:26:39,95
22:26:42,95
22:26:45,95
22:26:47,96
22:26:50,96
22:26:53,96
22:26:54,95
22:26:56,94
22:26:58,93
22:27:00,93
22:27:03,92
22:27:06,92
22:27:09,92
22:27:11,92
22:27:14,92
22:27:17,92
22:27:20,92
22:27:23,92
22:27:26,92
22:27:29,93
22:27:32,93
22:27:33,94
22:27:36,94
22:27:37,95
22:27:39,94
22:27:42,94
22:27:43,93
22:27:46,93
22:27:49,93
22:27:52,93
22:27:53,92
22:27:56,92
22:27:59,93
22:28:00,93
22:28:03,93
22:28:06,93
22:28:09,93
22:28:12,93
22:28:15,93
22:28:18,93
22:28:21,93
22:28:24,93
22:28:27,93
22:28:30,93
22:28:33,93
22:28:36,93
22:28:39,93
22:28:42,93
22:28:45,93
22:28:47,92
22:28:48,92
22:28:51,92
22:28:52,92
22:28:53,93
22:28:54,93
22:28:56,93
22:28:58,93
22:29:01,93
22:29:04,93
22:29:05,94
22:29:06,94
22:29:09,94
22:29:10,95
22:29:13,95
22:29:15,96
22:29:18,96
22:29:21,96
22:29:24,96
22:29:25,96
22:29:27,96
22:29:28,95
22:29:31,95
22:29:34,95
22:29:37,95
22:29:40,95
22:29:43,95
22:29:46,96
22:29:49,96
22:29:51,95
22:29:54,95
22:29:57,95
22:30:00,95
22:30:03,95
22:30:06,95
22:30:09,95
22:30:12,95
22:30:15,95
22:30:16,95
22:30:18,95
22:30:21,95
22:30:24,95
22:30:26,96
22:30:29,97
22:30:31,96
22:30:33,95
22:30:34,94
22:30:37,94
22:30:40,94
22:30:43,94
22:30:44,95
22:30:47,95
22:30:50,95
22:30:53,95
22:30:56,95
22:30:59,95
22:31:02,95
22:31:05,95
22:31:06,94
22:31:09,94
22:31:12,94
22:31:15,94
22:31:16,93
22:31:19,94
22:31:22,94
22:31:23,93
22:31:25,92
22:31:26,91
22:31:29,91
22:31:32,91
22:31:35,91
22:31:38,90
22:31:41,90
22:31:42,90
22:31:43,90
22:31:44,91
22:31:47,91
22:31:50,91
22:31:53,91
22:31:56,91
22:31:59,91
22:32:00,91
22:32:03,91
22:32:06,91
22:32:09,91
22:32:12,91
22:32:13,92
22:32:16,92
22:32:17,93
22:32:20,93
22:32:23,93
22:32:26,93
22:32:27,93
22:32:28,93
22:32:31,92
22:32:33,92
22:32:36,93
22:32:39,93
22:32:42,92
22:32:45,92
22:32:48,92
22:32:51,92
22:32:54,92
22:32:57,93
22:33:00,93
22:33:03,93
22:33:05,94
22:33:07,95
22:33:08,99
22:33:09,101
22:33:10,101
22:33:13,101
22:33:16,101
22:33:19,101
22:33:21,100
22:33:24,100
22:33:27,100
22:33:30,99
22:33:33,99
22:33:34,99
22:33:37,99
22:33:40,99
22:33:43,99
22:33:46,99
22:33:49,99
22:33:52,99
22:33:55,98
22:33:58,98
22:34:01,98
22:34:03,97
22:34:04,96
22:34:07,96
22:34:10,96
22:34:13,96
22:34:16,96
22:34:19,96
22:34:22,96
22:34:25,96
22:34:28,96
22:34:31,96
22:34:32,95
22:34:35,95
22:34:37,96
22:34:40,96
22:34:43,96
22:34:44,95
22:34:45,95
22:34:48,95
22:34:49,96
22:34:51,97
22:34:53,98
22:34:56,98
22:34:57,99
22:35:00,99
22:35:03,99
22:35:06,99
22:35:09,99
22:35:12,99
22:35:14,98
22:35:15,97
22:35:18,97
22:35:19,96
22:35:21,95
22:35:24,95
22:35:27,95
22:35:30,95
22:35:33,95
22:35:36,95
22:35:39,95
22:35:42,95
22:35:45,95
22:35:48,95
22:35:51,95
22:35:52,95
22:35:55,95
22:35:58,95
22:36:01,95
22:36:04,95
22:36:07,95
22:36:10,95
22:36:13,95
22:36:15,96
22:36:18,97
22:36:21,98
22:36:24,98
22:36:26,98
22:36:28,99
22:36:31,99
22:36:32,99
22:36:35,99
22:36:38,99
22:36:39,100
22:36:41,101
22:36:44,101
22:36:46,100
22:36:49,99
22:36:50,98
22:36:51,97
22:36:52,96
22:36:54,95
22:36:55,95
22:36:57,94
22:37:00,94
22:37:03,94
22:37:06,94
22:37:09,94
22:37:12,94
22:37:15,94
22:37:18,94
22:37:21,94
22:37:24,94
22:37:27,94
22:37:30,94
22:37:33,94
22:37:36,94
22:37:39,94
22:37:42,94
22:37:43,93
22:37:44,94
22:37:45,95
22:37:46,95
22:37:47,95
22:37:48,96
22:37:51,96
22:37:52,96
22:37:55,96
22:37:56,92
22:37:57,92
22:38:00,92
22:38:03,92
22:38:05,93
22:38:08,94
22:38:09,95
22:38:10,95
22:38:13,95
22:38:16,95
22:38:19,95
22:38:20,96
22:38:21,95
22:38:24,95
22:38:27,95
22:38:30,95
22:38:31,95
22:38:32,95
22:38:33,96
22:38:35,95
22:38:36,96
22:38:39,96
22:38:40,97
22:38:43,97
22:38:46,95
22:38:47,95
22:38:50,95
22:38:53,95
22:38:54,95
22:38:55,96
22:38:58,96
22:39:01,97
22:39:04,97
22:39:07,97
22:39:10,97
22:39:13,97
22:39:16,97
22:39:19,97
22:39:22,96
22:39:25,96
22:39:28,96
22:39:31,95
22:39:34,95
22:39:37,95
22:39:40,95
22:39:43,95
22:39:46,95
22:39:49,95
22:39:52,95
22:39:55,95
22:39:58,95
22:40:01,95
22:40:04,95
22:40:07,95
22:40:08,95
22:40:09,95
22:40:12,95
22:40:15,95
22:40:17,96
22:40:20,96
22:40:23,100
22:40:25,102
22:40:28,101
22:40:29,100
22:40:31,99
22:40:34,99
22:40:36,98
22:40:39,98
22:40:40,98
22:40:42,97
22:40:44,95
22:40:45,94
22:40:47,93
22:40:50,93
22:40:52,93
22:40:55,93
22:40:56,93
22:40:57,94
22:40:59,95
22:41:02,95
22:41:05,95
22:41:06,96
22:41:09,96
22:41:12,96
22:41:15,96
22:41:18,96
22:41:21,96
22:41:22,97
22:41:25,97
22:41:28,91
22:41:29,91
22:41:31,92
22:41:34,92
22:41:36,96
22:41:37,98
22:41:38,99
22:41:39,100
22:41:41,99
22:41:43,98
22:41:44,97
22:41:46,96
22:41:47,95
22:41:49,94
22:41:51,93
22:41:54,92
22:41:57,91
22:41:58,91
22:42:01,91
22:42:02,91
22:42:04,91
22:42:07,91
22:42:08,90
22:42:10,89
22:42:13,88
22:42:16,88
22:42:17,87
22:42:20,86
22:42:22,87
22:42:25,87
22:42:28,87
22:42:31,87
22:42:34,87
22:42:36,88
22:42:37,88
22:42:40,88
22:42:41,89
22:42:42,90
22:42:44,91
22:42:47,92
22:42:50,92
22:42:51,92
22:42:54,92
22:42:57,92
22:43:00,92
22:43:03,92
22:43:04,92
22:43:07,92
22:43:10,92
22:43:13,91
22:43:16,91
22:43:19,91
22:43:21,90
22:43:24,89
22:43:27,89
22:43:30,88
22:43:33,88
22:43:36,88
22:43:39,88
22:43:42,87
22:43:43,86
22:43:45,85
22:43:48,85
22:43:51,85
22:43:54,85
22:43:57,85
22:43:59,87
22:44:01,87
22:44:04,87
22:44:07,87
22:44:10,87
22:44:12,90
22:44:13,90
22:44:14,90
22:44:15,93
22:44:16,92
22:44:19,92
22:44:20,91
22:44:22,91
22:44:25,91
22:44:28,90
22:44:30,90
22:44:31,89
22:44:34,88
22:44:37,88
22:44:40,87
22:44:43,86
22:44:45,85
22:44:48,85
22:44:51,85
22:44:54,85
22:44:57,85
22:44:59,85
22:45:02,85
22:45:05,84
22:45:08,84
22:45:11,84
22:45:14,84
22:45:17,85
22:45:20,85
22:45:21,85
22:45:24,85
22:45:27,85
22:45:30,85
22:45:31,86
22:45:34,86
22:45:37,86
22:45:40,86
22:45:41,85
22:45:42,85
22:45:45,83
22:45:46,83
22:45:49,83
22:45:52,83
22:45:55,83
22:45:58,83
22:46:01,83
22:46:02,84
22:46:05,84
22:46:08,85
22:46:11,87
22:46:12,88
22:46:15,87
22:46:16,87
22:46:19,87
22:46:22,87
22:46:23,86
22:46:24,87
22:46:27,87
22:46:30,87
22:46:33,87
22:46:36,87
22:46:39,87
22:46:41,86
22:46:44,86
22:46:46,86
22:46:49,86
22:46:52,86
22:46:55,86
22:46:56,84
22:46:57,85
22:46:58,85
22:47:01,85
22:47:02,85
22:47:03,85
22:47:06,86
22:47:09,86
22:47:12,85
22:47:15,85
22:47:16,84
22:47:17,84
22:47:20,85
22:47:23,85
22:47:26,85
22:47:27,85
22:47:30,85
22:47:33,85
22:47:36,85
22:47:39,85
22:47:41,86
22:47:42,85
22:47:43,84
22:47:44,83
22:47:47,83
22:47:50,83
22:47:52,84
22:47:55,84
22:47:56,85
22:47:59,85
22:48:02,85
22:48:05,85
22:48:08,86
22:48:11,86
22:48:14,86
22:48:17,86
22:48:20,86
22:48:23,86
22:48:26,86
22:48:29,86
22:48:32,86
22:48:35,86
22:48:36,86
22:48:39,86
22:48:41,87
22:48:44,85
22:48:45,84
22:48:46,83
22:48:47,82
22:48:50,82
22:48:53,82
22:48:55,83
22:48:58,83
22:49:01,83
22:49:02,84
22:49:05,84
22:49:08,84
22:49:11,84
22:49:14,84
22:49:17,84
22:49:19,85
22:49:22,85
22:49:25,85
22:49:28,85
22:49:31,85
22:49:34,85
22:49:37,85
22:49:39,85
22:49:42,85
22:49:43,85
22:49:46,86
22:49:49,86
22:49:50,89
22:49:51,89
22:49:53,89
22:49:54,89
22:49:55,89
22:49:56,88
22:49:58,88
22:50:01,88
22:50:03,89
22:50:06,89
22:50:08,90
22:50:11,90
22:50:14,90
22:50:17,90
22:50:20,90
22:50:23,90
22:50:25,88
22:50:26,87
22:50:27,86
22:50:28,85
22:50:29,85
22:50:32,85
22:50:35,85
22:50:38,85
22:50:39,85
22:50:42,85
22:50:45,85
22:50:48,85
22:50:51,85
22:50:54,85
22:50:57,85
22:51:00,85
22:51:03,85
22:51:04,86
22:51:05,86
22:51:07,87
22:51:10,87
22:51:13,87
22:51:16,88
22:51:19,88
22:51:21,89
22:51:24,90
22:51:27,90
22:51:29,91
22:51:30,91
22:51:32,92
22:51:35,92
22:51:38,92
22:51:39,93
22:51:42,95
22:51:43,96
22:51:44,96
22:51:45,97
22:51:47,98
22:51:50,99
22:51:52,100
22:51:53,101
22:51:56,102
22:51:59,103
22:52:02,103
22:52:03,104
22:52:06,104
22:52:09,104
22:52:12,104
22:52:15,103
22:52:17,102
22:52:18,101
22:52:21,101
22:52:22,102
22:52:25,102
22:52:28,101
22:52:31,101
22:52:33,102
22:52:36,102
22:52:37,103
22:52:39,104
22:52:41,106
22:52:42,107
22:52:43,106
22:52:44,107
22:52:46,108
22:52:47,109
22:52:48,110
22:52:49,111
22:52:52,112
22:52:55,112
22:52:58,112
22:53:01,112
22:53:02,113
22:53:03,114
22:53:06,114
22:53:09,114
22:53:12,114
22:53:13,114
22:53:14,113
22:53:15,112
22:53:16,111
22:53:17,110
22:53:18,109
22:53:21,109
22:53:24,109
22:53:25,108
22:53:26,107
22:53:27,106
22:53:30,106
22:53:31,106
22:53:34,106
22:53:35,107
22:53:36,109
22:53:37,111
22:53:38,113
22:53:41,113
22:53:44,113
22:53:47,113
22:53:50,113
22:53:53,113
22:53:54,112
22:53:55,111
22:53:57,110
22:53:59,111
22:54:00,112
22:54:01,113
22:54:04,113
22:54:07,113
22:54:09,112
22:54:10,110
22:54:11,111
22:54:14,111
22:54:17,111
22:54:20,111
22:54:22,110
22:54:23,110
22:54:24,110
22:54:27,110
22:54:30,110
22:54:33,110
22:54:36,110
22:54:39,110
22:54:41,111
22:54:42,112
22:54:45,112
22:54:46,113
22:54:47,114
22:54:48,115
22:54:49,117
22:54:50,119
22:54:51,118
22:54:54,118
22:54:55,120
22:54:56,119
22:54:58,120
22:54:59,122
22:55:02,121
22:55:03,119
22:55:04,117
22:55:05,115
22:55:06,114
22:55:07,112
22:55:08,111
22:55:09,111
22:55:12,111
22:55:14,110
22:55:16,109
22:55:19,109
22:55:22,109
22:55:25,109
22:55:28,108
22:55:30,107
22:55:33,106
22:55:36,106
22:55:37,105
22:55:38,104
22:55:39,103
22:55:42,103
22:55:45,103
22:55:48,103
22:55:51,103
22:55:54,103
22:55:57,103
22:55:58,104
22:56:01,104
22:56:02,105
22:56:03,106
22:56:06,106
22:56:07,107
22:56:10,107
22:56:11,107
22:56:13,106
22:56:14,105
22:56:17,105
22:56:20,105
22:56:23,105
22:56:25,104
22:56:26,103
22:56:27,103
22:56:30,100
22:56:31,98
22:56:32,98
22:56:35,98
22:56:37,97
22:56:38,98
22:56:41,98
22:56:44,98
22:56:46,99
22:56:47,100
22:56:49,101
22:56:51,102
22:56:54,102
22:56:57,102
22:57:00,102
22:57:03,103
22:57:06,103
22:57:09,103
22:57:10,102
22:57:12,101
22:57:14,100
22:57:17,100
22:57:20,100
22:57:21,99
22:57:24,98
22:57:26,97
22:57:28,96
22:57:29,93
22:57:30,91
22:57:31,90
22:57:33,89
22:57:36,89
22:57:37,90
22:57:38,90
22:57:41,90
22:57:44,90
22:57:47,91
22:57:50,91
22:57:53,92
22:57:55,92
22:57:57,92
22:58:00,92
22:58:01,93
22:58:04,93
22:58:06,92
22:58:07,93
22:58:08,94
22:58:09,93
22:58:12,93
22:58:15,93
22:58:18,93
22:58:21,93
22:58:24,93
22:58:27,93
22:58:28,93
22:58:29,93
22:58:31,93
22:58:32,92
22:58:35,92
22:58:38,92
22:58:41,92
22:58:44,92
22:58:47,93
22:58:48,93
22:58:49,93
22:58:50,92
22:58:51,92
22:58:54,92
22:58:57,92
22:59:00,92
22:59:03,92
22:59:06,92
22:59:07,92
22:59:10,91
22:59:13,91
22:59:14,91
22:59:16,90
22:59:18,90
22:59:21,90
22:59:24,90
22:59:27,90
22:59:30,90
22:59:33,90
22:59:36,90
22:59:39,90
22:59:42,90
22:59:43,89
22:59:44,90
22:59:47,90
22:59:50,90
22:59:53,90
22:59:56,90
22:59:59,90
23:00:02,90
23:00:05,90
23:00:08,90
23:00:11,90
23:00:14,90
23:00:15,81
23:00:16,81
23:00:19,84
23:00:20,85
23:00:21,86
23:00:24,86
23:00:27,86
23:00:30,86
23:00:33,86
23:00:36,86
23:00:39,86
23:00:42,86
23:00:45,86
23:00:46,87
23:00:49,87
23:00:51,88
23:00:54,88
23:00:57,88
23:01:00,88
23:01:03,88
23:01:06,88
23:01:09,89
23:01:12,89
23:01:13,90
23:01:16,90
23:01:19,90
23:01:21,91
23:01:22,91
23:01:24,92
23:01:27,92
23:01:28,93
23:01:30,96
23:01:31,98
23:01:32,99
23:01:33,100
23:01:36,101
23:01:37,103
23:01:39,102
23:01:42,101
23:01:44,100
23:01:47,99
23:01:50,99
23:01:53,99
23:01:54,100
23:01:55,101
23:01:56,102
23:01:59,102
23:02:02,102
23:02:05,102
23:02:08,102
23:02:11,102
23:02:14,102
23:02:17,102
23:02:20,102
23:02:21,102
23:02:24,103
23:02:27,103
23:02:30,103
23:02:31,104
23:02:34,104
23:02:37,104
23:02:40,104
23:02:43,104
23:02:46,104
23:02:49,104
23:02:52,104
23:02:55,103
23:02:57,102
23:02:59,101
23:03:01,100
23:03:03,99
23:03:05,98
23:03:06,97
23:03:08,96
23:03:11,96
23:03:14,96
23:03:15,97
23:03:18,98
23:03:21,98
23:03:23,99
23:03:26,99
23:03:27,99
23:03:30,99
23:03:33,99
23:03:36,99
23:03:39,99
23:03:42,99
23:03:45,99
23:03:48,99
23:03:50,98
23:03:53,97
23:03:55,96
23:03:58,95
23:04:00,94
23:04:03,93
23:04:05,92
23:04:08,91
23:04:11,90
23:04:14,90
23:04:15,89
23:04:17,88
23:04:20,88
23:04:23,88
23:04:26,88
23:04:29,89
23:04:32,89
23:04:35,89
23:04:38,89
23:04:39,89
23:04:42,91
23:04:43,92
23:04:44,93
23:04:47,93
23:04:49,93
23:04:50,92
23:04:53,92
23:04:54,92
23:04:57,92
23:05:00,92
23:05:03,92
23:05:06,92
23:05:09,92
23:05:12,92
23:05:15,92
23:05:18,92
23:05:21,92
23:05:24,92
23:05:26,92
23:05:27,92
23:05:29,91
23:05:30,90
23:05:31,90
23:05:33,89
23:05:36,89
23:05:38,88
23:05:39,88
23:05:42,88
23:05:45,88
23:05:48,88
23:05:51,88
23:05:54,88
23:05:57,87
23:06:00,87
23:06:03,87
23:06:06,87
23:06:09,87
23:06:12,87
23:06:15,87
23:06:18,87
23:06:21,88
23:06:24,88
23:06:26,89
23:06:29,88
23:06:30,89
23:06:33,89
23:06:34,89
23:06:37,89
23:06:40,89
23:06:43,89
23:06:45,88
23:06:48,88
23:06:51,88
23:06:52,88
23:06:55,88
23:06:58,88
23:07:01,88
23:07:03,88
23:07:06,89
23:07:07,90
23:07:09,91
23:07:11,92
23:07:12,94
23:07:13,97
23:07:16,97
23:07:19,97
23:07:22,98
23:07:25,98
23:07:28,98
23:07:29,99
23:07:30,100
23:07:32,101
23:07:35,101
23:07:38,101
23:07:40,102
23:07:41,101
23:07:44,100
23:07:47,100
23:07:50,100
23:07:53,101
23:07:54,102
23:07:55,103
23:07:58,103
23:07:59,104
23:08:02,104
23:08:04,105
23:08:05,106
23:08:08,106
23:08:09,105
23:08:11,106
23:08:14,107
23:08:15,108
23:08:16,109
23:08:17,108
23:08:18,107
23:08:19,104
23:08:20,101
23:08:21,102
23:08:22,105
23:08:23,106
23:08:24,107
23:08:27,107
23:08:29,105
23:08:30,103
23:08:33,102
23:08:34,101
23:08:35,100
23:08:36,99
23:08:37,98
23:08:39,97
23:08:40,96
23:08:41,95
23:08:44,94
23:08:47,93
23:08:48,94
23:08:51,93
23:08:52,93
23:08:53,92
23:08:54,92
23:08:56,92
23:08:59,92
23:09:02,92
23:09:05,92
23:09:08,92
23:09:11,92
23:09:14,92
23:09:15,92
23:09:18,91
23:09:21,90
23:09:23,90
23:09:26,90
23:09:29,90
23:09:30,89
23:09:33,88
23:09:34,88
23:09:37,88
23:09:40,88
23:09:42,87
23:09:45,86
23:09:46,86
23:09:49,86
23:09:50,87
23:09:53,87
23:09:56,87
23:09:58,88
23:10:01,89
23:10:04,89
23:10:07,89
23:10:10,89
23:10:11,89
23:10:14,90
23:10:15,89
23:10:18,90
23:10:21,90
23:10:22,91
23:10:25,92
23:10:26,93
23:10:29,93
23:10:32,93
23:10:35,93
23:10:38,93
23:10:39,94
23:10:40,96
23:10:41,99
23:10:44,99
23:10:47,99
23:10:50,99
23:10:53,99
23:10:54,100
23:10:57,100
23:11:00,101
23:11:01,104
23:11:02,106
23:11:03,107
23:11:04,109
23:11:05,111
23:11:06,113
23:11:07,115
23:11:10,115
23:11:13,115
23:11:16,115
23:11:17,114
23:11:19,113
23:11:20,112
23:11:23,112
23:11:26,112
23:11:29,112
23:11:32,112
23:11:33,112
23:11:36,112
23:11:39,112
23:11:42,112
23:11:45,112
23:11:48,112
23:11:51,112
23:11:54,112
23:11:57,112
23:12:00,112
23:12:03,112
23:12:06,112
23:12:09,112
23:12:12,112
23:12:14,112
23:12:17,111
23:12:20,111
23:12:21,111
23:12:24,111
23:12:27,111
23:12:30,111
23:12:31,111
23:12:34,111
23:12:37,111
23:12:40,111
23:12:43,112
23:12:45,113
23:12:46,113
23:12:47,114
23:12:50,114
23:12:53,115
23:12:54,114
23:12:55,113
23:12:56,112
23:12:59,111
23:13:02,111
23:13:05,111
23:13:08,111
23:13:11,111
23:13:14,111
23:13:17,111
23:13:20,110
23:13:22,109
23:13:25,108
23:13:28,108
23:13:31,109
23:13:33,110
23:13:34,111
23:13:37,111
23:13:40,111
23:13:43,111
23:13:46,111
23:13:49,111
23:13:52,111
23:13:53,111
23:13:54,112
23:13:57,112
23:14:00,111
23:14:02,110
23:14:04,109
23:14:07,109
23:14:10,109
23:14:13,108
23:14:16,108
23:14:19,108
23:14:22,108
23:14:25,108
23:14:28,108
23:14:31,108
23:14:34,108
23:14:37,109
23:14:38,109
23:14:41,109
23:14:42,109
23:14:44,108
23:14:45,108
23:14:47,107
23:14:49,106
23:14:52,106
23:14:55,106
23:14:57,105
23:14:58,104
23:15:00,103
23:15:02,102
23:15:05,102
23:15:08,102
23:15:11,102
23:15:14,102
23:15:17,102
23:15:20,103
23:15:23,103
23:15:26,103
23:15:29,103
23:15:32,103
23:15:35,103
23:15:38,103
23:15:41,103
23:15:44,103
23:15:47,103
23:15:50,103
23:15:53,103
23:15:56,103
23:15:59,103
23:16:02,103
23:16:05,103
23:16:08,102
23:16:09,101
23:16:12,101
23:16:13,101
23:16:16,101
23:16:19,101
23:16:21,94
23:16:22,94
23:16:23,92
23:16:24,92
23:16:25,91
23:16:26,91
23:16:27,91
23:16:28,91
23:16:29,90
23:16:30,90
23:16:31,90
23:16:32,90
23:16:33,90
23:16:34,91
23:16:37,90
23:16:40,89
23:16:43,89
23:16:44,90
23:16:46,90
23:16:49,89
23:16:52,89
23:16:55,89
23:16:58,90
23:17:01,90
23:17:02,90
23:17:03,89
23:17:06,89
23:17:09,89
23:17:11,90
23:17:13,90
23:17:16,90
23:17:17,90
23:17:19,90
23:17:22,90
23:17:24,91
23:17:27,91
23:17:29,90
23:17:30,90
23:17:31,90
23:17:32,90
23:17:33,91
23:17:36,91
23:17:39,91
23:17:42,91
23:17:45,91
23:17:48,90
23:17:49,90
23:17:52,90
23:17:55,90
23:17:58,90
23:17:59,91
23:18:00,91
23:18:03,91
23:18:06,91
23:18:09,91
23:18:12,91
23:18:15,91
23:18:18,91
23:18:21,91
23:18:24,90
23:18:27,90
23:18:30,89
23:18:33,89
23:18:36,89
23:18:39,89
23:18:42,89
23:18:45,89
23:18:46,90
23:18:49,90
23:18:52,90
23:18:54,89
23:18:57,89
23:19:00,89
23:19:03,89
23:19:04,88
23:19:06,87
23:19:09,87
23:19:10,86
23:19:11,85
23:19:12,84
23:19:14,83
23:19:17,83
23:19:20,83
23:19:23,83
23:19:26,83
23:19:29,83
23:19:32,83
23:19:35,83
23:19:36,83
23:19:39,83
23:19:40,84
23:19:43,84
23:19:46,84
23:19:49,84
23:19:52,84
23:19:55,84
23:19:56,85
23:19:57,85
23:20:00,85
23:20:03,85
23:20:06,85
23:20:07,85
23:20:10,85
23:20:12,86
23:20:15,86
23:20:16,86
23:20:19,86
23:20:22,86
23:20:25,86
23:20:28,86
23:20:31,87
23:20:32,86
23:20:35,86
23:20:36,86
23:20:39,86
23:20:42,86
23:20:45,86
23:20:48,86
23:20:51,86
23:20:52,85
23:20:55,85
23:20:58,85
23:21:01,85
23:21:04,85
23:21:07,85
23:21:08,85
23:21:11,85
23:21:14,84
23:21:17,84
23:21:20,84
23:21:23,84
23:21:26,84
23:21:27,84
23:21:30,84
23:21:33,84
23:21:35,85
23:21:38,85
23:21:41,85
23:21:44,85
23:21:47,85
23:21:50,85
23:21:51,85
23:21:54,85
23:21:57,85
23:22:00,85
23:22:03,85
23:22:06,85
23:22:07,85
23:22:10,85
23:22:13,85
23:22:16,85
23:22:17,86
23:22:20,86
23:22:23,86
23:22:26,86
23:22:29,86
23:22:32,86
23:22:35,86
23:22:38,86
23:22:39,86
23:22:42,86
23:22:45,86
23:22:48,86
23:22:51,86
23:22:53,87
23:22:56,87
23:22:59,87
23:23:02,87
23:23:05,87
23:23:06,86
23:23:09,86
23:23:12,86
23:23:15,86
23:23:18,86
23:23:21,86
23:23:24,86
23:23:27,86
23:23:30,86
23:23:32,87
23:23:33,86
23:23:34,87
23:23:37,87
23:23:40,87
23:23:43,87
23:23:46,87
23:23:49,87
23:23:50,87
23:23:53,87
23:23:56,87
23:23:59,87
23:24:02,87
23:24:05,87
23:24:08,87
23:24:11,87
23:24:14,87
23:24:17,87
23:24:20,87
23:24:23,87
23:24:26,87
23:24:29,87
23:24:32,87
23:24:35,87
23:24:38,87
23:24:41,87
23:24:44,86
23:24:47,86
23:24:50,86
23:24:51,87
23:24:54,87
23:24:57,86
23:25:00,86
23:25:03,86
23:25:06,86
23:25:07,86
23:25:10,86
23:25:11,85
23:25:14,85
23:25:17,85
23:25:20,86
23:25:22,86
23:25:25,86
23:25:28,86
23:25:31,86
23:25:34,86
23:25:35,86
23:25:38,86
23:25:41,86
23:25:44,87
23:25:47,87
23:25:50,87
23:25:53,87
23:25:56,87
23:25:59,87
23:26:02,87
23:26:05,87
23:26:08,87
23:26:11,87
23:26:14,87
23:26:17,87
23:26:20,87
23:26:21,87
23:26:24,87
23:26:27,87
23:26:30,87
23:26:33,87
23:26:34,87
23:26:37,87
23:26:38,87
23:26:41,87
23:26:44,87
23:26:47,87
23:26:48,87
23:26:51,87
23:26:54,87
23:26:57,87
23:27:00,86
23:27:03,86
23:27:04,86
23:27:07,85
23:27:10,86
23:27:13,86
23:27:16,85
23:27:19,85
23:27:22,85
23:27:24,86
23:27:27,86
23:27:30,86
23:27:31,86
23:27:34,86
23:27:37,86
23:27:40,86
23:27:43,86
23:27:46,86
23:27:49,86
23:27:52,86
23:27:55,86
23:27:58,86
23:28:01,86
23:28:04,86
23:28:07,87
23:28:10,87
23:28:11,86
23:28:14,86
23:28:17,86
23:28:20,86
23:28:23,86
23:28:26,86
23:28:29,86
23:28:32,86
23:28:35,86
23:28:38,86
23:28:41,86
23:28:42,87
23:28:45,87
23:28:46,87
23:28:49,87
23:28:52,87
23:28:55,87
23:28:58,87
23:28:59,88
23:29:02,88
23:29:05,88
23:29:08,88
23:29:11,88
23:29:14,88
23:29:17,88
23:29:20,88
23:29:23,88
23:29:26,88
23:29:29,88
23:29:32,88
23:29:35,88
23:29:38,88
23:29:41,88
23:29:44,88
23:29:47,88
23:29:50,88
23:29:53,88
23:29:56,88
23:29:59,88
23:30:00,87
23:30:01,87
23:30:04,87
23:30:06,88
23:30:09,88
23:30:10,87
23:30:13,87
23:30:16,87
23:30:19,87
23:30:22,87
23:30:23,88
23:30:26,88
23:30:27,87
23:30:29,88
23:30:32,88
23:30:35,88
23:30:38,88
23:30:41,88
23:30:44,88
23:30:47,88
23:30:50,88
23:30:53,88
23:30:54,87
23:30:57,87
23:31:00,87
23:31:03,87
23:31:06,87
23:31:09,87
23:31:10,87
23:31:13,87
23:31:16,86
23:31:19,86
23:31:22,86
23:31:25,86
23:31:28,86
23:31:31,86
23:31:34,86
23:31:37,86
23:31:40,86
23:31:43,86
23:31:46,86
23:31:49,86
23:31:52,86
23:31:54,85
23:31:57,85
23:32:00,85
23:32:03,85
23:32:06,86
23:32:09,86
23:32:12,86
23:32:15,86
23:32:18,86
23:32:21,86
23:32:24,86
23:32:27,86
23:32:28,86
23:32:31,86
23:32:34,87
23:32:37,86
23:32:40,86
23:32:43,86
23:32:46,86
23:32:49,86
23:32:52,86
23:32:55,86
23:32:58,87
23:33:01,87
23:33:04,87
23:33:07,87
23:33:10,87
23:33:13,87
23:33:16,87
23:33:19,88
23:33:20,87
23:33:23,87
23:33:26,87
23:33:27,88
23:33:28,88
23:33:29,89
23:33:30,89
23:33:31,88
23:33:34,88
23:33:35,88
23:33:38,88
23:33:39,87
23:33:42,87
23:33:43,86
23:33:46,86
23:33:48,85
23:33:51,85
23:33:54,85
23:33:57,85
23:34:00,84
23:34:03,84
23:34:06,84
23:34:09,84
23:34:12,84
23:34:15,84
23:34:18,84
23:34:21,85
23:34:24,85
23:34:27,85
23:34:30,85
23:34:31,84
23:34:34,84
23:34:37,84
23:34:40,84
23:34:43,85
23:34:46,85
23:34:47,85
23:34:50,85
23:34:51,84
23:34:54,84
23:34:57,84
23:35:00,84
23:35:03,84
23:35:06,85
23:35:09,85
23:35:12,85
23:35:14,86
23:35:17,86
23:35:20,86
23:35:23,86
23:35:26,86
23:35:29,86
23:35:32,87
23:35:35,87
23:35:38,87
23:35:41,87
23:35:44,87
23:35:47,87
23:35:50,87
23:35:53,87
23:35:56,87
23:35:59,87
23:36:00,88
23:36:01,88
23:36:04,88
23:36:07,88
23:36:10,88
23:36:13,88
23:36:16,88
23:36:19,88
23:36:22,88
23:36:25,88
23:36:28,88
23:36:31,88
23:36:34,88
23:36:37,88
23:36:38,87
23:36:41,87
23:36:44,87
23:36:47,87
23:36:50,87
23:36:53,87
23:36:56,87
23:36:59,87
23:37:02,87
23:37:05,87
23:37:08,86
23:37:11,86
23:37:12,85
23:37:15,85
23:37:16,85
23:37:18,86
23:37:21,86
23:37:24,86
23:37:27,86
23:37:30,86
23:37:32,85
23:37:35,85
23:37:38,85
23:37:41,85
23:37:44,85
23:37:47,85
23:37:48,86
23:37:51,86
23:37:54,86
23:37:57,86
23:38:00,86
23:38:03,86
23:38:06,86
23:38:09,86
23:38:12,86
23:38:15,86
23:38:18,86
23:38:21,86
23:38:24,86
23:38:27,86
23:38:30,86
23:38:31,86
23:38:34,86
23:38:37,86
23:38:40,86
23:38:43,86
23:38:44,87
23:38:47,87
23:38:50,88
23:38:53,88
23:38:56,88
23:38:59,88
23:39:02,88
23:39:05,89
23:39:08,89
23:39:11,89
23:39:14,89
23:39:15,88
23:39:18,88
23:39:21,88
23:39:24,88
23:39:27,88
23:39:28,89
23:39:31,89
23:39:34,89
23:39:37,89
23:39:40,89
23:39:43,89
23:39:44,88
23:39:47,88
23:39:50,88
23:39:53,88
23:39:54,91
23:39:55,92
23:39:56,93
23:39:57,94
23:40:00,93
23:40:01,92
23:40:02,91
23:40:03,91
23:40:06,90
23:40:09,90
23:40:12,89
23:40:15,89
23:40:18,89
23:40:21,89
23:40:24,89
23:40:26,88
23:40:29,88
23:40:32,88
23:40:35,88
23:40:38,88
23:40:41,88
23:40:44,88
23:40:47,88
23:40:48,88
23:40:51,88
23:40:54,88
23:40:57,88
23:40:58,87
23:41:01,87
23:41:04,87
23:41:07,87
23:41:10,87
23:41:13,87
23:41:16,87
23:41:18,88
23:41:21,88
23:41:24,88
23:41:27,88
23:41:30,88
23:41:33,87
23:41:36,87
23:41:39,87
23:41:42,87
23:41:45,88
23:41:48,88
23:41:51,87
23:41:54,87
23:41:55,86
23:41:58,86
23:42:01,86
23:42:02,86
23:42:05,86
23:42:08,86
23:42:10,87
23:42:13,87
23:42:16,87
23:42:19,87
23:42:21,88
23:42:24,88
23:42:27,88
23:42:30,88
23:42:33,88
23:42:36,88
23:42:39,88
23:42:42,88
23:42:45,88
23:42:48,88
23:42:51,88
23:42:54,88
23:42:57,88
23:43:00,88
23:43:03,88
23:43:06,88
23:43:09,88
23:43:12,87
23:43:15,87
23:43:18,87
23:43:19,87
23:43:22,87
23:43:25,87
23:43:28,87
23:43:31,87
23:43:34,88
23:43:37,88
23:43:40,88
23:43:43,88
23:43:46,88
23:43:49,88
23:43:52,88
23:43:55,88
23:43:58,88
23:44:01,88
23:44:03,87
23:44:06,87
23:44:09,87
23:44:12,87
23:44:15,87
23:44:18,87
23:44:21,87
23:44:24,87
23:44:27,88
23:44:30,87
23:44:33,87
23:44:36,87
23:44:37,87
23:44:40,86
23:44:43,86
23:44:46,86
23:44:49,87
23:44:52,87
23:44:55,87
23:44:58,87
23:45:01,87
23:45:04,87
23:45:07,87
23:45:10,86
23:45:13,87
23:45:14,86
23:45:17,86
23:45:20,86
23:45:23,86
23:45:26,86
23:45:29,86
23:45:32,86
23:45:34,87
23:45:37,87
23:45:40,87
23:45:43,87
23:45:45,88
23:45:48,88
23:45:51,88
23:45:52,88
23:45:55,88
23:45:57,87
23:46:00,87
23:46:03,87
23:46:06,87
23:46:09,87
23:46:10,88
23:46:13,88
23:46:16,88
23:46:19,89
23:46:22,89
23:46:25,89
23:46:28,89
23:46:31,89
23:46:34,89
23:46:37,89
23:46:40,89
23:46:43,89
23:46:46,89
23:46:49,89
23:46:52,89
23:46:55,89
23:46:58,89
23:47:01,89
23:47:04,89
23:47:07,89
23:47:08,89
23:47:11,89
23:47:14,89
23:47:16,88
23:47:19,88
23:47:20,87
23:47:23,87
23:47:26,86
23:47:29,86
23:47:31,85
23:47:34,85
23:47:37,85
23:47:40,85
23:47:43,85
23:47:46,85
23:47:49,85
23:47:52,85
23:47:55,85
23:47:57,84
23:48:00,84
23:48:03,83
23:48:06,83
23:48:09,83
23:48:12,83
23:48:15,83
23:48:18,83
23:48:21,83
23:48:22,83
23:48:25,83
23:48:28,83
23:48:31,83
23:48:34,83
23:48:35,82
23:48:38,82
23:48:41,82
23:48:44,83
23:48:46,83
23:48:48,82
23:48:50,81
23:48:52,81
23:48:55,81
23:48:57,80
23:49:00,80
23:49:02,80
23:49:05,80
23:49:06,81
23:49:08,82
23:49:11,83
23:49:13,84
23:49:16,84
23:49:19,84
23:49:22,84
23:49:25,84
23:49:28,84
23:49:29,84
23:49:32,84
23:49:33,85
23:49:36,86
23:49:39,85
23:49:42,84
23:49:45,84
23:49:48,84
23:49:51,84
23:49:54,83
23:49:57,83
23:50:00,83
23:50:03,83
23:50:04,83
23:50:07,83
23:50:08,84
23:50:11,84
23:50:13,84
23:50:14,85
23:50:16,85
23:50:19,85
23:50:21,84
23:50:24,83
23:50:27,83
23:50:29,83
23:50:31,83
23:50:32,84
23:50:33,84
23:50:34,82
23:50:37,82
23:50:40,82
23:50:41,83
23:50:44,84
23:50:46,81
23:50:47,82
23:50:50,82
23:50:53,82
23:50:56,82
23:50:58,83
23:51:01,84
23:51:04,84
23:51:07,84
23:51:10,84
23:51:13,84
23:51:16,85
23:51:18,85
23:51:19,81
23:51:20,81
23:51:21,78
23:51:22,75
23:51:23,77
23:51:24,78
23:51:25,79
23:51:26,80
23:51:27,81
23:51:29,82
23:51:31,83
23:51:34,83
23:51:35,84
23:51:37,85
23:51:38,85
23:51:39,85
23:51:40,86
23:51:43,86
23:51:46,86
23:51:47,86
23:51:50,86
23:51:53,86
23:51:56,87
23:51:59,87
23:52:00,86
23:52:01,85
23:52:04,86
23:52:07,86
23:52:10,86
23:52:13,86
23:52:16,86
23:52:19,86
23:52:22,86
23:52:25,86
23:52:28,86
23:52:29,86
23:52:32,86
23:52:34,87
23:52:36,87
23:52:39,87
23:52:42,87
23:52:45,87
23:52:48,86
23:52:50,85
23:52:51,85
23:52:54,85
23:52:57,85
23:52:58,85
23:53:00,85
23:53:03,85
23:53:06,85
23:53:09,84
23:53:12,84
23:53:13,84
23:53:16,84
23:53:19,84
23:53:22,84
23:53:25,84
23:53:26,85
23:53:29,85
23:53:32,85
23:53:34,85
23:53:35,85
23:53:38,85
23:53:40,84
23:53:42,83
23:53:45,83
23:53:48,83
23:53:51,83
23:53:54,84
23:53:55,85
23:53:56,85
23:53:59,86
23:54:02,86
23:54:05,86
23:54:08,86
23:54:09,85
23:54:11,85
23:54:12,85
23:54:15,84
23:54:17,84
23:54:20,84
23:54:23,84
23:54:26,84
23:54:29,84
23:54:32,84
23:54:35,84
23:54:37,85
23:54:40,85
23:54:41,85
23:54:44,85
23:54:47,85
23:54:50,85
23:54:53,85
23:54:56,86
23:54:58,80
23:54:59,77
23:55:01,77
23:55:03,78
23:55:06,78
23:55:09,78
23:55:11,79
23:55:14,79
23:55:17,80
23:55:20,80
23:55:23,80
23:55:24,81
23:55:27,81
23:55:29,82
23:55:32,82
23:55:33,83
23:55:36,83
23:55:39,83
23:55:42,83
23:55:45,83
23:55:48,83
23:55:49,83
23:55:52,84
23:55:55,84
23:55:58,84
23:56:01,84
23:56:03,85
23:56:06,85
23:56:09,85
23:56:12,85
23:56:15,85
23:56:18,85
23:56:21,85
23:56:24,85
23:56:25,86
23:56:28,86
23:56:31,86
23:56:34,86
23:56:36,86
23:56:39,86
23:56:42,86
23:56:43,86
23:56:44,86
23:56:45,85
23:56:46,84
23:56:47,83
23:56:48,84
23:56:50,84
23:56:51,84
23:56:52,83
23:56:55,83
23:56:58,84
23:57:01,84
23:57:03,84
23:57:06,84
23:57:09,84
23:57:12,84
23:57:15,84
23:57:18,85
23:57:19,86
23:57:22,87
23:57:23,86
23:57:26,86
23:57:27,86
23:57:29,85
23:57:31,84
23:57:34,84
23:57:37,84
23:57:39,85
23:57:42,85
23:57:45,85
23:57:48,85
23:57:50,85
23:57:51,85
23:57:53,85
23:57:54,85
23:57:56,86
23:57:59,86
23:58:02,86
23:58:04,87
23:58:07,86
23:58:09,86
23:58:10,86
23:58:11,85
23:58:14,85
23:58:17,84
23:58:20,84
23:58:23,84
23:58:26,84
23:58:29,84
23:58:32,84
23:58:35,84
23:58:37,83
23:58:40,83
23:58:43,83
23:58:46,83
23:58:49,82
23:58:52,82
23:58:55,82
23:58:58,82
